gene	chrom	bp.start	bp.end
A2M	12	9220260	9268825
AAK1	2	69688532	69901481
AARS1	16	70286198	70323446
ABCA3	16	2325882	2390747
ABCA8	17	66863433	66951533
ABCD3	1	94883933	94984222
ABCE1	4	146019084	146050331
ABCF1	6	30539153	30564956
ABCF2	7	150904923	150924316
ABCF3	3	183903811	183911800
ABHD10	3	111697857	111712210
ABHD16A	6	31654726	31671221
ABI1	10	27035522	27150016
ABI3BP	3	100468000	100712359
ABLIM1	10	116190872	116444762
ABLIM3	5	148521046	148640105
ACACA	17	35441923	35766909
ACAD11	3	132276982	132379567
ACADVL	17	7120444	7128592
ACAP2	3	194995465	195163807
ACAT1	11	107992243	108018503
ACIN1	14	23527773	23564823
ACLY	17	40023161	40086795
ACO1	9	32384618	32454767
ACOT7	1	6324329	6454451
ACOT9	X	23720370	23784592
ACP1	2	264140	278283
ACSL3	2	223725652	223809357
ACSL4	X	108867473	108976632
ACTA1	1	229566992	229569845
ACTA2	10	90694831	90751147
ACTB	7	5566782	5603415
ACTBL2	5	56775846	56778636
ACTC1	15	35080297	35088340
ACTG1	17	79476997	79490873
ACTG2	2	74119441	74146992
ACTL6A	3	179280668	179306196
ACTN1	14	69340860	69446157
ACTN4	19	39138289	39222223
ACTR10	14	58666798	58701750
ACTR1A	10	104238986	104262482
ACTR1B	2	98272431	98280570
ACTR2	2	65454887	65498387
ACTR3	2	114647537	114720173
ADAMTS1	21	28208066	28217728
ADAMTS7	15	79051545	79103773
ADAR	1	154554538	154600475
ADD1	4	2845584	2931803
ADD3	10	111756126	111895323
ADH5	4	99992132	100009952
ADIRF	10	88727949	88743691
ADNP	20	49505585	49547958
ADRM1	20	60877149	60883918
ADSL	22	40742507	40786467
ADSS2	1	244571796	244615436
AEBP1	7	44143960	44154161
AFAP1	4	7760441	7941653
AFAP1L1	5	148651434	148721365
AFDN	6	168227602	168372703
AFF4	5	132211071	132299326
AFG3L2	18	12328943	12377313
AFTPH	2	64751465	64820139
AGAP1	2	236402733	237040444
AGAP3	7	150782918	150841523
AGFG1	2	228336868	228425930
AGK	7	141250989	141355044
AGO1	1	36335409	36395211
AGO2	8	141541264	141645718
AGO3	1	36396319	36538101
AGPAT5	8	6565878	6617184
AGPS	2	178257372	178408564
AGRN	1	955503	991496
AGTPBP1	9	88161455	88356944
AHCY	20	32868074	32899608
AHCYL1	1	110527308	110566357
AHDC1	1	27860546	27930942
AHNAK	11	62201016	62323707
AHNAK2	14	105403581	105444694
AHR	7	17338246	17385776
AHSA1	14	77924213	77935817
AHSG	3	186330712	186339107
AIFM1	X	129263337	129299861
AIMP1	4	107236701	107270383
AIMP2	7	6048876	6063465
AJUBA	14	23440383	23451851
AKAP1	17	55162453	55198710
AKAP11	13	42846289	42897396
AKAP12	6	151561134	151679692
AKAP13	15	85923802	86292586
AKAP17A	X	1710486	1721407
AKAP2	9	112542589	112934792
AKAP8	19	15464196	15490609
AKAP8L	19	15490859	15529952
AKAP9	7	91570181	91739987
AKR1C4	10	5237425	5260912
AKT2	19	40736224	40791443
ALB	4	74262831	74287129
ALDH16A1	19	49956426	49974305
ALDH18A1	10	97365696	97416463
ALDH1A1	9	75515578	75695358
ALDH1A3	15	101417919	101456831
ALDH1B1	9	38392661	38398658
ALDH1L2	12	105413568	105478355
ALDH2	12	112204691	112247782
ALDH3A2	17	19551449	19580911
ALDH9A1	1	165631453	165668100
ALDOA	16	30064411	30081778
ALKBH5	17	18086392	18113268
ALYREF	17	79845713	79849462
AMMECR1L	2	128619204	128643496
AMPD2	1	110158726	110174673
AMPD3	11	10329860	10529126
AMY2B	1	104096437	104122156
ANAPC1	2	112523848	112642267
ANAPC5	12	121746048	121837699
ANGPTL2	9	129849611	129885162
ANGPTL4	19	8428173	8439257
ANK3	10	61786056	62493248
ANKFY1	17	4067201	4167274
ANKHD1	5	139781399	139929163
ANKRD17	4	73939093	74124515
ANKRD28	3	15708743	15901278
ANKRD50	4	125585207	125633887
ANKRD52	12	56631591	56652175
ANKZF1	2	220094479	220101391
ANLN	7	36429415	36493400
ANPEP	15	90328120	90358633
ANXA1	9	75766673	75785309
ANXA11	10	81910645	81965328
ANXA2	15	60639333	60695082
ANXA2P2	9	33624223	33625532
ANXA5	4	122589110	122618268
ANXA6	5	150480273	150537443
ANXA7	10	75134859	75173834
AP1B1	22	29723669	29819168
AP2A1	19	50270225	50310370
AP2A2	11	924894	1012239
AP2B1	17	33905065	34053436
AP2M1	3	183892477	183901879
AP2S1	19	47341393	47354249
AP3B1	5	77296349	77590579
AP3B2	15	83328033	83378666
AP3D1	19	2100988	2164464
AP3M1	10	75881524	75910821
AP3S1	5	115177178	115249778
AP4E1	15	51200869	51298097
AP4M1	7	99699172	99707968
APC	5	112043195	112181936
APEX1	14	20923350	20925927
API5	11	43333513	43366079
APLP2	11	129939732	130014699
APMAP	20	24943561	24973615
APOBEC3B	22	39378352	39388809
APOBEC3C	22	39410088	39416357
APOL2	22	36622256	36636000
APOOL	X	84258832	84343069
APP	21	27252861	27543446
APRT	16	88875747	88878352
APTX	9	32972604	33025166
AQR	15	35147732	35262040
ARAF	X	47420516	47431307
ARAP3	5	141032968	141061788
ARCN1	11	118443105	118473748
ARF1	1	228270361	228286912
ARF3	12	49329506	49351334
ARF4	3	57557090	57583947
ARF5	7	127228399	127231759
ARF6	14	50359810	50361490
ARFGAP1	20	61904137	61921142
ARFGAP3	22	43192508	43254112
ARFGEF1	8	68085747	68255912
ARFGEF2	20	47538427	47653230
ARG1	6	131894284	131905472
ARGLU1	13	107194021	107220512
ARHGAP1	11	46698630	46722165
ARHGAP10	4	148653214	148993931
ARHGAP11A	15	32907345	32932150
ARHGAP12	10	32094365	32217742
ARHGAP21	10	24872538	25012597
ARHGAP22	10	49654077	49864310
ARHGAP23	17	36584662	36668628
ARHGAP24	4	86396267	86923823
ARHGAP29	1	94614544	94740624
ARHGAP31	3	119013220	119139561
ARHGAP42	11	100558384	100862668
ARHGDIA	17	79825597	79829282
ARHGEF1	19	42387228	42434302
ARHGEF10	8	1772142	1906807
ARHGEF10L	1	17866330	18024369
ARHGEF15	17	8213559	8225829
ARHGEF17	11	73019334	73080136
ARHGEF18	19	7459999	7537363
ARHGEF2	1	155916630	155976861
ARHGEF26	3	153838792	153975616
ARHGEF28	5	72921983	73237818
ARHGEF40	14	21538429	21558399
ARHGEF6	X	135747706	135864247
ARHGEF7	13	111766906	111958084
ARID1A	1	27022524	27108595
ARID1B	6	157099063	157531913
ARL1	12	101786898	101801598
ARL2	11	64781585	64789656
ARL6IP4	12	123464607	123467456
ARL8B	3	5163905	5222596
ARMC8	3	137906109	138017231
ARMCX1	X	100805514	100809683
ARMCX3	X	100877787	100882833
ARNT	1	150782181	150849244
ARPC1A	7	98923521	98985787
ARPC1B	7	98971872	98992424
ARPC2	2	219081817	219119079
ARPC3	12	110872630	110888227
ARPC4	3	9834179	9849410
ARPC4-TTLL3	3	9834232	9878040
ARPC5	1	183592401	183604892
ARPC5L	9	127624409	127640003
ARVCF	22	19957419	20004331
ASCC1	10	73856278	73976892
ASCC2	22	30184597	30234271
ASCC3	6	100956070	101329248
ASPH	8	62413116	62627155
ASPM	1	197053258	197115824
ASPSCR1	17	79934683	79975282
ATAD3A	1	1447531	1470067
ATAD3B	1	1407143	1433228
ATG101	12	52463030	52471278
ATG13	11	46638826	46696368
ATG7	3	11313995	11599139
ATL3	11	63391559	63439393
ATN1	12	7033626	7051484
ATP13A1	19	19756007	19774502
ATP13A3	3	194123401	194219093
ATP1A1	1	116915290	116952883
ATP1A3	19	42470734	42501649
ATP2A2	12	110718561	110788898
ATP2B4	1	203595689	203713209
ATP2C1	3	130569439	130735556
ATP5F1A	18	43664110	43684300
ATP5F1B	12	57031959	57039798
ATP5F1C	10	7830093	7849764
ATP5F1D	19	1241749	1244824
ATP5F1E	20	57603733	57607422
ATP5F1EP2	13	28519343	28519727
ATP5IF1	1	28562602	28564616
ATP5MD	10	105148798	105156223
ATP5ME	4	666225	668127
ATP5MF	7	99046098	99063954
ATP5MF-PTCD1	7	99014362	99063824
ATP5MG	11	118271869	118302211
ATP5PB	1	111991486	112005395
ATP5PD	17	73034955	73043074
ATP5PF	21	27088815	27107984
ATP5PO	21	35275757	35288284
ATP6AP1	X	153656978	153664862
ATP6V0A1	17	40610862	40674629
ATP6V0A2	12	124196865	124246302
ATP6V0C	16	2563871	2570219
ATP6V0D1	16	67471917	67515140
ATP6V1A	3	113465866	113530903
ATP6V1B2	8	20054878	20084330
ATP6V1C1	8	104033291	104085279
ATP6V1E1	22	18074902	18111584
ATP6V1G1	9	117350026	117360653
ATP6V1H	8	54628117	54756118
ATRX	X	76760356	77041702
ATXN10	22	46067678	46241187
ATXN2	12	111890018	112037480
ATXN2L	16	28834356	28848558
AVEN	15	34158428	34331377
AZI2	3	28356494	28390618
B3GAT3	11	62382768	62389647
B4GALT7	5	177027101	177037348
BABAM1	19	17378159	17392058
BAG2	6	57037124	57054631
BAG3	10	121410882	121437331
BAG4	8	38034051	38070819
BANF1	11	65769550	65771620
BANP	16	87982850	88110924
BASP1	5	17065707	17276943
BAZ2B	2	160175490	160473203
BBX	3	107241783	107530171
BCAP29	7	107220422	107269615
BCAP31	X	152965947	152990152
BCAR1	16	75262928	75301951
BCAR3	1	94027347	94312706
BCAS2	1	115110178	115124260
BCAS3	17	58754814	59470199
BCKDK	16	31117428	31124110
BCL7C	16	30844947	30906281
BCL9L	11	118764584	118796317
BCLAF1	6	136578001	136610989
BCR	22	23521891	23660224
BGN	X	152760397	152775012
BICC1	10	60272900	60591195
BICD2	9	95473645	95527094
BIN3	8	22477931	22526661
BIRC6	2	32582096	32843966
BLVRB	19	40953696	40971747
BMP1	8	22022249	22069839
BMP2K	4	79697496	79837526
BMS1	10	43278249	43330385
BMX	X	15482369	15574652
BOD1L1	4	13570362	13629347
BOLA2	16	29464914	29466285
BOLA2B	16	30204256	30205627
BOP1	8	145317003	145331153
BRCA2	13	32889611	32973805
BRCC3	X	154299695	154351349
BRD9	5	850406	892939
BRIX1	5	34915481	34926101
BSG	19	571297	583493
BST2	19	17513748	17516457
BTAF1	10	93683526	93790082
BTBD10	11	13409548	13484844
BTBD9	6	38136227	38607924
BTF3	5	72794233	72801460
BUB3	10	124913793	124924886
BUD13	11	116618886	116643704
BUD23	7	73097355	73119491
BUD31	7	99006264	99017239
BYSL	6	41888926	41900784
BZW1	2	201675317	201688569
BZW2	7	16685756	16746148
C11orf58	11	16760148	16779901
C14ORF166	14	52456193	52471420
C15ORF40	15	83657193	83680393
C17orf75	17	30655460	30677066
C19ORF43	19	12841454	12845589
C19ORF53	19	13884982	13889276
C19orf53	19	13885257	13889587
C1QA	1	22962999	22966101
C1QBP	17	5336097	5352150
C1R	12	7187513	7189412
C1S	12	7096351	7178336
C2CD3	11	73723763	73882255
C2ORF49	2	105953816	105965668
C3	19	6677715	6730573
C4A	6	31949801	31970458
C4B	6	31949801	31970458
C4B_2	6 (ALT_REF_LOCI_7)	3282544	3303168
C8ORF59	8	86126311	86132650
C8orf33	8	146277823	146281416
CABLES1	18	20714528	20840431
CACNA2D1	7	81575760	82073114
CACTIN	19	3610639	3626813
CAD	2	27440258	27466811
CALCOCO1	12	54104903	54121529
CALD1	7	134429003	134655479
CALM1	14	90862846	90874605
CALM2	14	90862846	90874605
CALM3	14	90862846	90874605
CALML3	10	5566924	5568225
CALML5	10	5540658	5541533
CALR	19	13049392	13055303
CALU	7	128379346	128411861
CAMK2D	4	114372188	114683083
CAMK2G	10	75572259	75634343
CAMSAP1	9	138700333	138799074
CAMSAP2	1	200708686	200829832
CAND1	12	67663061	67713731
CANX	5	179105629	179157926
CAP1	1	40505905	40538321
CAP2	6	17393447	17558023
CAPN1	11	64948037	64979477
CAPN2	1	223889295	223963720
CAPNS1	19	36630477	36641255
CAPRIN1	11	34073230	34122703
CAPRIN2	12	30862486	30907885
CAPZA1	1	113161795	113214241
CAPZA2	7	116451124	116562103
CAPZB	1	19665267	19812066
CARD10	22	37886400	37915549
CARD11	7	2945775	3083579
CARD19	9	95858500	95875565
CARD6	5	40841286	40860275
CARD8	19	48684027	48759203
CARM1	19	10982189	11033453
CARS1	11	3022152	3078843
CASC3	17	38296571	38328436
CASK	X	41374187	41782716
CASKIN2	17	73496342	73511664
CASP14	19	15160195	15169104
CAST	5	95860971	96115299
CAV1	7	116164839	116201233
CAV2	7	115927434	116148595
CAVIN1	17	40554470	40575535
CAVIN2	2	192699031	192712006
CAVIN3	11	6340176	6341740
CBFB	16	67063019	67134961
CBLB	3	105374305	105588396
CBLL1	7	107384142	107402112
CBR1	21	37442239	37445464
CBX3	7	26240782	26252976
CBX5	12	54624724	54673886
CC2D1A	19	14017014	14041692
CCAR1	10	70480769	70552134
CCAR2	8	22462145	22479027
CCDC102A	16	57546090	57570511
CCDC124	19	18043825	18054800
CCDC137	17	79633394	79640934
CCDC174	3	14693271	14714166
CCDC47	17	61822610	61853711
CCDC50	3	191046866	191116459
CCDC59	12	82617460	82752584
CCDC6	10	61548521	61666414
CCDC61	19	46498339	46524576
CCDC80	3	112323407	112368377
CCDC86	11	60609544	60618554
CCDC88A	2	55514978	55647057
CCDC88C	14	91737667	91884188
CCDC9	19	47759237	47775210
CCDC9B	15	40623653	40633168
CCN1	1	86046444	86049645
CCN2	6	132269316	132272518
CCNK	14	99947506	100001381
CCNL1	3	156864297	156878549
CCNL2	1	1321091	1334708
CCNT2	2	135675805	135716912
CCPG1	15	55632230	55700708
CCT2	12	69979114	69995350
CCT3	1	156278759	156337664
CCT4	2	62095224	62115939
CCT5	5	10250033	10266524
CCT6A	7	56119323	56131682
CCT6B	17	33254878	33308097
CCT7	2	73460548	73480149
CCT8	21	30428126	30446118
CD109	6	74405508	74538040
CD2AP	6	47445525	47594999
CD2BP2	16	30362087	30366682
CD44	11	35160417	35253949
CD47	3	107762145	107809872
CD59	11	33719807	33757991
CD93	20	23059986	23066977
CDC123	10	12237964	12292588
CDC16	13	115000362	115038198
CDC20	1	43824626	43828874
CDC23	5	137523339	137549032
CDC26	9	116018115	116037869
CDC27	17	45195069	45266788
CDC37	19	10501810	10530797
CDC40	6	110501344	110575478
CDC42	1	22379120	22419437
CDC42BPA	1	227177566	227506175
CDC42BPB	14	103398716	103523799
CDC42EP1	22	37956454	37965412
CDC42EP2	11	65082289	65089900
CDC5L	6	44355262	44418163
CDC73	1	193091147	193223031
CDCP1	3	45123770	45187914
CDH11	16	64977656	65160015
CDH13	16	82660408	83830204
CDH2	18	25530930	25757410
CDH5	16	66400533	66438686
CDIPT	16	29869678	29875057
CDK1	10	62538089	62554610
CDK11A	1	1634169	1655766
CDK11B	1	1571100	1590473
CDK12	17	37617764	37721160
CDK13	7	39989636	40136733
CDK17	12	96672039	96794338
CDK2	12	56360553	56366568
CDK5RAP2	9	123151147	123342448
CDK9	9	130547958	130553066
CDKAL1	6	20534688	21232635
CDKN2AIP	4	184365744	184369351
CDR2L	17	72983727	73001895
CDV3	3	133292574	133309105
CELF1	11	47487496	47587121
CELF2	10	11047259	11378674
CEMIP	15	81071712	81244112
CEMIP2	9	74298282	74431606
CENPE	4	104026963	104119566
CENPJ	13	25457171	25497018
CEP131	17	79163393	79196799
CEP170	1	243287730	243418650
CEP170B	14	105331617	105363107
CEP192	18	12991361	13125051
CEP20	16	15959577	15982482
CEP290	12	88442793	88535993
CEP350	1	179923873	180084015
CEP43	6	167412670	167466201
CEP44	4	175204828	175254531
CEP55	10	95256389	95288849
CEP85	1	26560691	26605299
CEP89	19	33369902	33462897
CERCAM	9	131174030	131199626
CES1	16	55836763	55867249
CETN2	X	151995517	151999321
CETN3	5	89688078	89705603
CFAP20	16	58147496	58163296
CFH	1	196621008	196716634
CFL1	11	65590493	65629497
CFL2	14	35179593	35184029
CGAS	6	74123238	74161999
CGGBP1	3	88101094	88199035
CGNL1	15	57668165	57842925
CHCHD1	10	75541805	75543410
CHCHD3	7	132469629	132766848
CHD1	5	98190908	98262240
CHD1L	1	146714291	146767443
CHD2	15	93426526	93571237
CHD3	17	7788124	7816078
CHD4	12	6679249	6716642
CHD6	20	40030741	40247133
CHD7	8	61591337	61779465
CHD8	14	21853353	21924285
CHERP	19	16628700	16653341
CHIA	1	111833484	111863188
CHID1	11	867357	915058
CHMP1A	16	89710839	89724253
CHMP2A	19	59062933	59066491
CHMP2B	3	87276421	87304698
CHMP4B	20	32399110	32442172
CHMP5	9	33264940	33281977
CHPF	2	220403669	220408509
CHPF2	7	150929575	150935908
CHSY1	15	101715928	101792137
CHTF18	16	838046	850737
CHTOP	1	153606525	153618782
CIAO1	2	96931870	96939087
CIAO2B	16	66965958	66968326
CIR1	2	175212750	175260443
CIRBP	19	1259384	1274879
CISD2	4	103790135	103810399
CIT	12	120123595	120315095
CKAP4	12	106631655	106698057
CKAP5	11	46764598	46867847
CKB	14	103985996	103989448
CLASP1	2	122095352	122407163
CLASP2	3	33537737	33759848
CLASRP	19	45542298	45574214
CLCC1	1	109472130	109506111
CLEC11A	19	51226586	51228974
CLEC14A	14	38723308	38725574
CLIC1	6	31698358	31707540
CLIC4	1	25071848	25170815
CLINT1	5	157212751	157286183
CLIP1	12	122755979	122907179
CLIP2	7	73703805	73820273
CLK2	1	155232659	155248282
CLK3	15	74890841	74932057
CLNS1A	11	77225981	77348850
CLP1	11	57416465	57429340
CLPB	11	72003469	72145692
CLPTM1	19	45457842	45496599
CLPX	15	65440557	65477680
CLTA	9	36190853	36304778
CLTB	5	175819456	175843570
CLTC	17	57697219	57773671
CLTCL1	22	19166986	19279239
CLU	8	27454434	27472548
CLUAP1	16	3550924	3589048
CMAS	12	22199108	22218608
CMBL	5	10275987	10308138
CMTR1	6	37400995	37450603
CNBP	3	128888327	128902765
CNN1	19	11649532	11661138
CNN2	19	1026298	1039068
CNN3	1	95362507	95392834
CNOT1	16	58553855	58663790
CNOT10	3	32726637	32815367
CNOT11	2	101869264	101886778
CNOT2	12	70636774	70748773
CNOT3	19	54641444	54659419
CNOT7	8	17086737	17104387
CNOT9	2	219433303	219461158
CNP	17	40118759	40129749
CNTNAP1	17	40834631	40851832
COA3	17	40947165	40950722
COBLL1	2	165510134	165700189
COG1	17	71189129	71204646
COG2	1	230778235	230829728
COG4	16	70514471	70557468
COIL	17	55015548	55038415
COL11A1	1	103342023	103574052
COL12A1	6	75794042	75915767
COL16A1	1	32117848	32169920
COL18A1	21	46825052	46933634
COL1A1	17	48260650	48278993
COL1A2	7	94023873	94060544
COL3A1	2	189839046	189877472
COL4A1	13	110801318	110959496
COL4A2	13	110958159	111165374
COL4A6	X	107386780	107682727
COL5A1	9	137533620	137736686
COL5A2	2	189896622	190044605
COL6A1	21	47401651	47424964
COL6A2	21	47518011	47552763
COL6A3	2	238232646	238323018
COL7A1	3	48601506	48632700
COL8A1	3	99357319	99518070
COLEC12	18	319361	500722
COLGALT1	19	17666403	17693971
COMP	19	18893583	18902123
COMT	22	19929130	19957498
COPA	1	160259063	160313190
COPB1	11	14464986	14521573
COPB2	3	139074442	139108574
COPE	19	19010323	19030206
COPG1	3	128968449	128996614
COPG2	7	130146089	130353598
COPRS	17	30178883	30186356
COPS2	15	49398268	49447858
COPS4	4	83955600	83996971
COPS6	7	99686577	99689823
COPS8	2	237993955	238009109
COPZ1	12	54694986	54745633
CORO1B	11	67205519	67211292
CORO1C	12	109038885	109125372
CORO2B	15	68871308	69020145
CORO7	16	4404543	4475706
COX5B	2	98262503	98264846
COX6C	8	100885428	100906290
COX7A2	6	75947391	75960039
CP	3	148880197	148939842
CPEB4	5	173315283	173388979
CPNE3	8	87497059	87573726
CPSF1	8	145618444	145634753
CPSF2	14	92588281	92630755
CPSF3	2	9563697	9613230
CPSF4	7	99036545	99054994
CPSF6	12	69633317	69668138
CPSF7	11	61170121	61197503
CPT1A	11	68522088	68611878
CPXM2	10	125465723	125699783
CRBN	3	3190676	3221394
CREBBP	16	3775055	3930727
CRIP2	14	105939299	105946499
CRIPT	2	46843555	46852881
CRKL	22	21271714	21308037
CRTAP	3	33155471	33189265
CRTC1	19	18794487	18893004
CRTC2	1	153920145	153931101
CRTC3	15	91073157	91188577
CRYBG3	3	97540884	97594132
CS	12	56665483	56694176
CSDE1	1	115259534	115301297
CSE1L	20	47662849	47713489
CSMD3	8	113235157	114449328
CSNK1A1	5	148871760	148931007
CSNK1D	17	80196899	80231607
CSNK1E	22	38686697	38794527
CSNK2A1	20	459116	524465
CSNK2A2	16	58191811	58231824
CSNK2B	6	31633013	31638120
CSRP1	1	201452658	201478584
CSRP2	12	77252495	77272840
CSTA	3	122044091	122060819
CSTB	21	45192393	45196326
CSTF1	20	54967427	54979518
CSTF2T	10	53455247	53459355
CSTF3	11	33098734	33183917
CTBP1	4	1205236	1243741
CTBP2	10	126676421	126849739
CTCF	16	67596310	67673086
CTHRC1	8	104383743	104395225
CTNNA1	5	137946656	138270723
CTNNA2	2	79412357	80875905
CTNNB1	3	41236328	41301587
CTNND1	11	57520715	57587018
CTPS1	1	41445007	41478235
CTR9	11	10772534	10801290
CTSB	8	11700033	11726957
CTSC	11	88026760	88070955
CTSV	9	99794940	99801925
CTSZ	20	57570240	57582302
CTTN	11	70244510	70282690
CTTNBP2NL	1	112938803	113006078
CUL1	7	148395006	148498128
CUL2	10	35297479	35379570
CUL3	2	225334867	225450110
CUL4B	X	119658464	119709649
CUL5	11	107879459	107978503
CUL7	6	43005355	43021683
CUL9	6	43149913	43192325
CUX1	7	101458959	101927249
CWC15	11	94695787	94706776
CWC25	17	36956687	36981734
CWF19L2	11	107197071	107328572
CXCL1	4	74735110	74736959
CXCL6	4	74702214	74714781
CXORF56	X	118672112	118699397
CXorf56	X	118672112	118699397
CYB5R3	22	43013846	43045574
CYC1	8	145149930	145152428
CYFIP1	15	22892005	23006016
CYFIP2	5	156693089	156822606
CYLD	16	50775961	50835846
CYTH2	19	48972289	48985571
DAB2	5	39371780	39462402
DAD1	14	23033805	23058175
DAP	5	10679342	10761384
DAP3	1	155657751	155708801
DAPK1	9	90112143	90323548
DAPK3	19	3958451	3971121
DARS1	2	136664252	136743254
DAZAP1	19	1407568	1435719
DBN1	5	176883609	176901402
DBNL	7	44084239	44109055
DBR1	3	137879854	137893791
DBT	1	100652475	100715390
DCAF1	3	51433298	51534010
DCAF13	8	104426942	104455681
DCAF5	14	69517598	69619867
DCAF7	17	61627822	61671639
DCAF8	1	160185505	160254920
DCD	12	55038375	55042277
DCHS1	11	6642556	6677085
DCN	12	91539025	91576900
DCTN1	2	74588281	74619214
DCTN2	12	57923885	57941114
DCTN3	9	34613548	34620515
DCTN4	5	150088002	150138671
DCTN5	16	23652713	23681195
DCTN6	8	30013813	30041156
DCXR	17	79993012	79995608
DDB1	11	61066923	61110068
DDB2	11	47236493	47260767
DDOST	1	20978270	20988000
DDRGK1	20	3170996	3185331
DDX1	2	15731302	15771235
DDX10	11	108535752	108811657
DDX17	22	38879445	38903665
DDX18	2	118572226	118589955
DDX19A	16	70380732	70407286
DDX19B	16	70323566	70369186
DDX20	1	112297867	112310638
DDX21	10	70715884	70744829
DDX23	12	49223547	49246625
DDX24	14	94517266	94547591
DDX27	20	47835884	47860614
DDX28	16	68055179	68057770
DDX31	9	135468384	135545788
DDX39A	19	14519631	14530192
DDX39B	6	31497996	31510225
DDX3X	X	41192651	41223725
DDX3Y	Y	15016019	15032390
DDX41	5	176938578	176944470
DDX42	17	61850963	61896677
DDX46	5	134094469	134190823
DDX47	12	12966250	12982915
DDX5	17	62495734	62504317
DDX50	10	70661034	70706603
DDX51	12	132621139	132628880
DDX54	12	113594979	113623284
DDX55	12	124086624	124105488
DDX58	9	32455300	32526322
DDX6	11	118620034	118661858
DDX60	4	169137444	169239958
DDX60L	4	169277886	169458937
DECR1	8	91013633	91064320
DECR2	16	451826	462487
DEK	6	18224099	18265054
DENND1A	9	126141933	126692431
DENND4A	15	65950384	66084631
DENR	12	123237321	123255611
DERA	12	16064106	16190220
DERL1	8	124025404	124054663
DERPC	16	69118003	69132588
DES	2	220283099	220291461
DGCR8	22	20067755	20099400
DGKA	12	56321103	56347811
DGKZ	11	46354455	46402104
DHCR24	1	55315306	55352891
DHDDS	1	26758773	26797785
DHRS7B	17	21026677	21096578
DHX15	4	24519064	24586173
DHX16	6	30620896	30640814
DHX29	5	54552073	54603550
DHX30	3	47844399	47891685
DHX35	20	37590942	37668366
DHX36	3	153990335	154042286
DHX37	12	125431371	125473668
DHX38	16	72127461	72146811
DHX57	2	39024871	39103075
DHX8	17	41561233	41621831
DHX9	1	182808504	182856886
DIABLO	12	122692210	122712081
DIAPH1	5	140894583	140998622
DICER1	14	95552565	95624347
DIDO1	20	61509090	61569304
DIMT1	5	61683081	61699766
DIP2A	21	47878812	47989926
DIP2B	12	50898768	51142450
DKC1	X	153991031	154005964
DLAT	11	111895538	111935114
DLC1	8	12940870	13373167
DLG1	3	196769431	197026171
DLG5	10	79550549	79686378
DLST	14	75348594	75370448
DMD	X	31115794	33357558
DMXL1	5	118373467	118584833
DNAAF5	7	766338	829190
DNAJA1	9	33025209	33039905
DNAJA2	16	46989299	47007699
DNAJA3	16	4475806	4506776
DNAJB1	19	14625582	14640582
DNAJB11	3	186285192	186315061
DNAJB12	10	74092588	74114988
DNAJB2	2	220143989	220151622
DNAJB4	1	78444859	78483648
DNAJB6	7	157128075	157210133
DNAJC1	10	22045466	22292698
DNAJC10	2	183580999	183659191
DNAJC11	1	6694228	6761984
DNAJC13	3	132136370	132257876
DNAJC16	1	15853308	15918874
DNAJC19	3	180701497	180707562
DNAJC2	7	102952921	102985320
DNAJC21	5	34929698	34959069
DNAJC25	9	114393632	114432508
DNAJC3	13	96329393	96447243
DNAJC30	7	73095299	73097783
DNAJC7	17	40128451	40173394
DNAJC8	1	28525967	28559536
DNAJC9	10	74943120	75008620
DNM1L	12	32832134	32898486
DNM2	19	10828755	10944164
DNMBP	10	101635334	101769676
DNMT1	19	10244021	10341962
DNTTIP1	20	44420576	44440066
DOCK11	X	117629861	117820126
DOCK4	7	111366166	111846466
DOCK6	19	11309971	11373157
DOCK7	1	62920399	63153969
DOCK9	13	99445741	99738879
DOK1	2	74776153	74784681
DPF2	11	65101225	65120720
DPM1	20	49551404	49575092
DPP7	9	140004994	140009629
DPY19L1	7	34968488	35077883
DPYSL2	8	26371791	26515694
DPYSL3	5	146770374	146889619
DRG1	22	31795509	31924726
DROSHA	5	31400604	31532303
DSC1	18	28709199	28742819
DSG1	18	28898052	28936992
DSP	6	7541808	7586950
DST	6	56322785	56819426
DSTN	20	17550508	17590564
DTD1	20	18568537	18744561
DTNA	18	32073254	32471808
DTX3L	3	122283085	122294050
DUT	15	48623208	48635570
DVL1	1	1270656	1284730
DVL1P1	22	19240644	19240992
DVL3	3	183873176	183891398
DYNC1H1	14	102430865	102517129
DYNC1I2	2	172543919	172604930
DYNC1LI1	3	32567463	32612366
DYNC1LI2	16	66754796	66785701
DYNLL1	12	120907653	120936296
DYNLL2	17	56160776	56172897
DYNLRB1	20	33104214	33128762
DYRK1A	21	38738092	38889753
DYRK1B	19	40315990	40324841
DYSF	2	71680852	71913898
E2F7	12	77415027	77459360
EBF1	5	158122928	158526769
EBF2	8	25699246	25902913
EBF3	10	131633547	131762105
EBNA1BP2	1	43629846	43736607
ECD	10	74889913	74928813
ECH1	19	39306062	39322645
ECHDC1	6	127609855	127664754
ECHS1	10	135175984	135187193
ECI2	6	4115923	4135831
ECM1	1	150480538	150486265
ECM29	9	114122972	114247025
EDC3	15	74922899	74988633
EDC4	16	67906926	67918406
EDF1	9	139756571	139760738
EDIL3	5	83236373	83680611
EDN1	6	12290596	12297427
EDNRA	4	148402069	148466106
EEA1	12	93164413	93323107
EEF1A1	6	74225473	74233520
EEF1A1P5	9	135894822	135896562
EEF1A2	20	62119366	62130505
EEF1B2	2	207024309	207027652
EEF1D	8	144661867	144681711
EEF1E1	6	8073593	8102811
EEF1G	11	62327073	62342401
EEF2	19	3976054	3985467
EEFSEC	3	127872297	128127485
EFEMP1	2	56093102	56151274
EFEMP2	11	65633912	65641063
EFHD2	1	15736391	15756839
EFTUD2	17	42927311	42977030
EGFR	7	55086714	55324313
EHD1	11	64619114	64655768
EHD2	19	48216600	48246391
EHD4	15	42190950	42264776
EI24	11	125439112	125454575
EIF1	17	39845137	39848920
EIF1AX	X	20142636	20159962
EIF1AY	Y	22737611	22755040
EIF2A	3	150264465	150302029
EIF2AK2	2	37326353	37384208
EIF2AK3	2	88856259	88927094
EIF2AK4	15	40226347	40327797
EIF2B2	14	75469614	75476292
EIF2B4	2	27587219	27593353
EIF2B5	3	183852826	184402546
EIF2D	1	206744620	206785904
EIF2S1	14	67826714	67853233
EIF2S2	20	32676104	32700138
EIF2S3	X	24072833	24096088
EIF2S3B	12	10658201	10675734
EIF3A	10	120794356	120840316
EIF3B	7	2393721	2420380
EIF3C	16	28699879	28747051
EIF3CL	16	28390900	28415200
EIF3D	22	36906897	36925483
EIF3E	8	109213445	109447562
EIF3F	11	7991798	8023409
EIF3G	19	10225693	10230596
EIF3H	8	117654369	117779164
EIF3I	1	32687529	32697205
EIF3J	15	44829255	44855227
EIF3K	19	39109735	39127595
EIF3L	22	38244875	38285414
EIF3M	11	32605344	32627808
EIF4A1	17	7476024	7482323
EIF4A2	3	186500994	186507689
EIF4A3	17	78109013	78120982
EIF4B	12	53399942	53435993
EIF4E	4	99792835	99851788
EIF4E2	2	233414762	233448354
EIF4ENIF1	22	31832963	31892094
EIF4G1	3	184032283	184053146
EIF4G2	11	10818597	10830657
EIF4G3	1	21132963	21503377
EIF4H	7	73588575	73611431
EIF5	14	103799881	103811362
EIF5A	17	7210318	7215774
EIF5B	2	99953816	100017789
EIF6	20	33866714	33872788
ELAVL1	19	8023463	8070543
ELMO1	7	36893961	37488852
ELMO2	20	44994688	45061704
ELOA	1	24069645	24088549
ELOB	16	2821415	2827298
ELOC	8	74851404	74884522
ELOVL1	1	43829068	43833696
ELP1	9	111629797	111696396
ELP3	8	27947190	28048673
EMC1	1	19542158	19578046
EMC2	8	109455830	109499145
EMD	X	153607557	153609883
EMILIN1	2	27301435	27309271
EML3	11	62369690	62380237
EML4	2	42396490	42559688
EMX2	10	119301955	119309056
ENAH	1	225674537	225840844
ENDOD1	11	94822974	94865809
ENG	9	130577291	130617035
ENO1	1	8921061	8939308
ENO2	12	7022909	7032861
EP300	22	41487790	41576081
EPB41L2	6	131160487	131384462
EPB41L3	18	5392383	5630699
EPB41L5	2	120770581	120936695
EPHA2	1	16450832	16482582
EPM2A	6	145822719	146057160
EPN1	19	56186592	56221224
EPPK1	8	144939492	144952632
EPRS1	1	220141943	220220000
EPS15	1	51819935	51985000
EPS15L1	19	16466050	16582896
EPS8	12	15773092	16035263
EPSTI1	13	43460524	43566407
ERAL1	17	27181956	27188085
ERAP1	5	96096521	96143803
ERBIN	5	65222303	65378377
ERC1	12	1099675	1605099
ERCC3	2	128014866	128051752
ERCC6	10	50663414	50747584
ERG	21	39751949	40033704
ERGIC1	5	172261278	172379688
ERGIC3	20	34129770	34145405
ERH	14	69846848	69865344
ERI1	8	8859657	8974256
ERI3	1	44686742	44820932
ERLEC1	2	54014181	54045956
ERLIN1	10	101909851	101948091
ERLIN2	8	37594117	37616619
ERO1A	14	53108605	53162419
ERP29	12	112451120	112461255
ERP44	9	102741461	102861322
ESYT1	12	56512034	56538455
ESYT2	7	158523686	158622944
ETF1	5	137841784	137878989
ETFA	15	76507696	76603813
ETNPPL	4	109663196	109684210
ETV6	12	11802788	12048336
EWSR1	22	29663998	29696515
EXD2	14	69658228	69709075
EXOC1	4	56719782	56771200
EXOC2	6	485133	693117
EXOC3	5	443273	472052
EXOC4	7	132937829	133751342
EXOC5	14	57670518	57735726
EXOC6	10	94590935	94819250
EXOC7	17	74077087	74117657
EXOSC10	1	11126675	11159938
EXOSC2	9	133569108	133580248
EXOSC4	8	145133529	145135550
EXOSC5	19	41892279	41903384
EXOSC6	16	70284134	70285833
EXOSC7	3	45016733	45077558
EXOSC8	13	37572953	37583750
EXT2	11	44117099	44266979
EZR	6	159186773	159240444
F2	11	46740730	46761056
F5	1	169483404	169555826
FABP5	8	82192598	82197012
FADS2	11	61560452	61634826
FAF2	5	175874629	175937075
FAM120A	9	96214004	96328397
FAM120B	6	170599791	170716153
FAM120C	X	54094757	54209714
FAM133B	7	92190107	92219708
FAM167A	8	11278972	11332224
FAM168A	11	73111532	73309234
FAM186A	12	50720013	50790405
FAM207A	21	46359925	46396904
FAM32A	19	16296191	16302857
FAM3C	7	120988905	121036418
FAM50A	X	153672473	153679002
FAM53C	5	137667624	137685416
FAM76B	11	95502106	95523573
FAM83G	17	18872102	18908117
FAM83H	8	144806103	144815971
FAM91A1	8	124780696	124827692
FAM98A	2	33808725	33824449
FAM98B	15	38746328	38779911
FARP1	13	98794816	99102027
FARS2	6	5261277	5771813
FARSA	19	13033293	13044851
FARSB	2	223435255	223521056
FASN	17	80036214	80056208
FAU	11	64888100	64889945
FBL	19	40325098	40337054
FBLIM1	1	16083102	16113089
FBLN1	22	45898118	45997015
FBLN2	3	13573824	13679922
FBLN5	14	92335756	92414331
FBLN7	2	112895962	112945791
FBN1	15	48700503	48938046
FBN2	5	127593601	127994878
FBRS	16	30669752	30682135
FBXO11	2	48016455	48132932
FBXO22	15	76196200	76227609
FBXO30	6	146114638	146135889
FBXO45	3	196295482	196315930
FBXW11	5	171288553	171433877
FCHO2	5	72251808	72386349
FDPS	1	155278539	155290457
FEN1	11	61560109	61564716
FERMT2	14	53323986	53419153
FERMT3	11	63974150	63991354
FGD4	12	32552463	32798984
FGD5	3	14860469	14975895
FGF2	4	123747863	123819391
FHL1	X	135229559	135293518
FHL2	2	105974169	106054970
FHL3	1	38462442	38471278
FHOD1	16	67263290	67281561
FHOD3	18	33877677	34360018
FICD	12	108908962	108919614
FILIP1L	3	99548985	99833357
FIP1L1	4	54243810	55161439
FKBP10	17	39968932	39979465
FKBP11	12	49315301	49320257
FKBP15	9	115923286	115983641
FKBP3	14	45584803	45604522
FKBP5	6	35541362	35696360
FKBP8	19	18642561	18654887
FKBP9	7	32997017	33046543
FKRP	19	47249303	47280245
FLG2	1	152321211	152332482
FLI1	11	128556430	128683162
FLII	17	18148150	18162230
FLNA	X	153576892	153603006
FLNB	3	57994127	58157982
FLNC	7	128470431	128499328
FLOT1	6	30695486	30710510
FLOT2	17	27206353	27224697
FLT1	13	28874489	29069265
FMC1	7	139024203	139031065
FMNL2	2	153191751	153506348
FMNL3	12	50031724	50101948
FMR1	X	146993469	147032645
FN1	2	216225163	216300895
FN3K	17	80693451	80709073
FN3KRP	17	80674559	80688204
FNDC3A	13	49550048	49783915
FNDC3B	3	171757418	172119455
FOCAD	9	20658308	20995954
FOSL1	11	65659520	65668044
FOXC2	16	86600857	86602539
FOXK1	7	4683388	4811074
FOXO3	6	108881038	109005977
FOXP1	3	71003844	71633140
FOXP4	6	41514164	41570122
FOXRED1	11	126138950	126148026
FRG1	4	190861943	190884359
FRMD4A	10	13685706	14504141
FRMD6	14	51955818	52197445
FRYL	4	48499378	48782339
FSCN1	7	5632439	5646286
FST	5	52776239	52782964
FTSJ1	X	48334541	48344752
FTSJ3	17	61896793	61907372
FUBP1	1	78409740	78444794
FUBP3	9	133454352	133513739
FUS	16	31191431	31203127
FUT8	14	65877310	66210839
FXR1	3	180585929	180700541
FXR2	17	7494548	7518189
FYTTD1	3	197464050	197514467
G3BP1	5	151150606	151192346
G3BP2	4	76567966	76649709
G6PD	X	153759606	153775787
GAB2	11	77926343	78129394
GADD45GIP1	19	13064972	13068050
GAK	4	843064	926161
GALC	14	88304164	88460009
GALK1	17	73747675	73761792
GALNT2	1	230193536	230417870
GANAB	11	62392298	62414104
GAPDH	12	6643093	6647537
GAR1	4	110736666	110745893
GARS1	7	30634181	30673649
GART	21	34876238	34915797
GAS2L1	22	29702572	29708774
GAS2L3	12	100967461	101022064
GAS6	13	114523522	114567046
GATAD2A	19	19496635	19619740
GATAD2B	1	153777201	153895451
GBE1	3	81538850	81811312
GBF1	10	104005289	104142656
GCDH	19	13001840	13025021
GCLM	1	94350761	94374966
GCN1	12	120565007	120632513
GDF15	19	18485541	18499986
GDI2	10	5807186	5884095
GEMIN2	14	39583427	39606177
GEMIN4	17	647654	657239
GEMIN5	5	154266976	154317769
GEMIN6	2	38978676	39012142
GEMIN8	X	14026398	14048012
GFPT1	2	69546905	69614382
GFPT2	5	179727690	179780387
GID4	17	17942606	17971718
GID8	20	61569471	61576996
GIGYF1	7	100277130	100287071
GIGYF2	2	233562009	233725285
GIMAP1	7	150413645	150421372
GIMAP1-GIMAP5	7	150413645	150440737
GIMAP4	7	150264365	150271041
GIMAP8	7	150147718	150176480
GIPC1	19	14588572	14606944
GIT1	17	27900487	27921072
GIT2	12	110367607	110434194
GJA1	6	121756838	121770873
GLB1	3	33038100	33138722
GLG1	16	74485856	74641012
GLI2	2	121493199	121750229
GLIPR2	9	36136732	36163910
GLMN	1	92711959	92764544
GLRX	5	95087023	95158709
GLRX3	10	131934663	131982785
GLS	2	191745553	191830278
GLUD1	10	88810243	88854623
GLYR1	16	4853204	4897343
GMFG	19	39818993	39833012
GMPPA	2	220363589	220371710
GMPS	3	155588325	155661815
GNA13	17	63006833	63052957
GNAI1	7	79763271	79848718
GNAI2	3	50263724	50296787
GNAI3	1	110091233	110136975
GNAS	20	57414773	57486247
GNB1	1	1716729	1822495
GNB2	7	100271154	100276797
GNB4	3	179116990	179169378
GNG12	1	68167149	68299150
GNL1	6	30509154	30524951
GNL2	1	38032417	38061536
GNL3	3	52715172	52728508
GNL3L	X	54556644	54587504
GOLGA2	9	131018108	131038274
GOLGA3	12	133345495	133405444
GOLGA4	3	37284668	37408242
GOLGB1	3	121382046	121468602
GOLIM4	3	167726465	167813763
GOLM1	9	88641061	88715088
GOLT1B	12	21654715	21671342
GOPC	6	117639374	117923691
GOSR1	17	28804380	28854610
GOT2	16	58741035	58768261
GPATCH1	19	33571786	33621448
GPATCH11	2	37311594	37326387
GPATCH8	17	42472652	42580798
GPBP1	5	56469775	56560506
GPC1	2	241375088	241407493
GPD2	2	157291802	157470247
GPHN	14	66974125	67648520
GPI	19	34850385	34893061
GPR89A	1	145764411	145827103
GPRASP2	X	101967104	101973607
GPS1	17	80008567	80015346
GPX1	3	49394609	49396033
GPX4	19	1103936	1106787
GPX8	5	54455946	54462899
GRAP	17	18923986	18950950
GRB10	7	50657760	50861159
GRB2	17	73314157	73401790
GREM1	15	33010175	33026870
GRN	17	42422614	42430470
GRSF1	4	71681499	71705662
GRWD1	19	48949030	48960279
GSDMD	8	144635377	144645232
GSN	9	123970072	124095121
GSPT1	16	11961985	12009939
GSR	8	30535583	30585443
GSTO1	10	105995114	106027217
GSTP1	11	67351066	67354131
GTF2B	1	89318615	89357627
GTF2F1	19	6379580	6393992
GTF2F2	13	45694650	45858237
GTF2H1	11	18343842	18388591
GTF2I	7	74071994	74175026
GTF3C1	16	27470876	27561234
GTF3C3	2	197627756	197664449
GTF3C5	9	135906076	135933890
GTPBP1	22	39101728	39134304
GTPBP10	7	89964537	90020769
GTPBP2	6	43573053	43596899
GTPBP4	10	1034338	1065876
GTPBP6	X	220025	230886
GULP1	2	189156396	189460653
H1-0	22	38201114	38203442
H1-1	6	26017260	26018040
H1-10	3	129033615	129035120
H1-2	6	26055968	26056699
H1-3	6	26234440	26235216
H1-4	6	26156559	26157343
H1-5	6	27834570	27835359
H1-6	6	26107640	26108364
H2AC14	6	27782080	27782518
H2AC18	1	149822643	149823191
H2AC4	6	26033320	26033796
H2AC6	6	26124370	26139337
H2AC7	6	26199079	26199471
H2AJ	12	14927270	14930936
H2AX	11	118964580	118966177
H2AZ1	4	100869242	100871512
H2AZ2	7	44866488	44887725
H2BC10	6	26273204	26273640
H2BC12	6	27106072	27114637
H2BC14	6	27782822	27783267
H2BC15	6	27806323	27823487
H2BC18	1	149754245	149783928
H2BC21	1	149856010	149858232
H2BC3	6	26043455	26043885
H2BC5	6	26158349	26171577
H2BC9	6	26251848	26261783
H2BS1	21	44985070	44985529
H3-2	1	149400086	149400542
H3-3A	1	226250408	226259703
H3-3B	17	73772515	73781974
H3C1	6	26020718	26021186
H3C13	1	149784826	149785236
H3C15	1	149824181	149825836
H4-16	12	14920933	14924065
H6PD	1	9294834	9331396
HABP4	9	99212483	99253618
HACD2	3	123209667	123304032
HACD3	15	65822756	65870687
HADHA	2	26413504	26467594
HADHB	2	26466038	26513336
HARS1	5	140053490	140071681
HAX1	1	154244987	154248351
HBA1	16	222846	223709
HBA2	16	222846	223709
HBB	11	5246694	5250625
HBD	11	5253908	5256600
HBS1L	6	135281516	135424194
HCLS1	3	121350246	121379774
HDAC1	1	32757687	32799236
HDAC2	6	114254192	114332472
HDAC3	5	141000443	141016437
HDAC7	12	48176505	48226915
HDAC9	7	18126572	19042039
HDGF	1	156711899	156736717
HDGFL2	19	4472284	4502223
HDGFL3	15	83784320	83876770
HDGFRP2	19	4472284	4502223
HDLBP	2	242166679	242256476
HDX	X	83572882	83757487
HEATR1	1	236712305	236767804
HEATR5B	2	37195526	37311485
HECTD1	14	31569318	31677010
HECTD3	1	45468212	45477001
HECTD4	12	112597992	112819896
HELZ	17	65066554	65242105
HELZ2	20	62189439	62205592
HERC2	15	28356186	28567298
HERC6	4	89299891	89364263
HEXIM1	17	43224684	43229468
HGF	7	81328322	81399754
HGS	17	79650356	79670168
HHIP	4	145567173	145666423
HIC1	17	1957448	1962981
HIP1	7	75162621	75368280
HIP1R	12	123319000	123347507
HLA-A	6	29909037	29913661
HLA-B	6	29909037	29913661
HLA-C	6	31236526	31239907
HLA-E	6	30457244	30461982
HLTF	3	148747914	148804341
HM13	20	30102231	30157370
HMGA1	6	34204650	34214008
HMGA2	12	66217911	66360075
HMGB1	13	31032884	31191734
HMGB2	4	174252846	174256276
HMGB3	X	150148982	150159248
HMGN1	21	40714241	40721573
HMGN2	1	26798941	26802463
HMGN4	6	26538633	26546482
HMOX1	22	35776354	35790207
HNRNPA0	5	137087075	137090039
HNRNPA1	12	54673977	54680872
HNRNPA2B1	7	26229547	26241149
HNRNPA3	2	178077291	178088686
HNRNPAB	5	177631508	177638164
HNRNPC	14	21677295	21737653
HNRNPD	4	83273651	83295656
HNRNPDL	4	83343717	83351294
HNRNPF	10	43881065	43904614
HNRNPH1	5	179041179	179061785
HNRNPH2	X	100663283	100669121
HNRNPH3	10	70090931	70102948
HNRNPK	9	86582998	86595569
HNRNPL	19	39327028	39342987
HNRNPLL	2	38789120	38830728
HNRNPM	19	8509651	8553998
HNRNPR	1	23630264	23670829
HNRNPU	1	245014468	245027844
HNRNPUL1	19	41768401	41813503
HNRNPUL2	11	62480102	62494821
HNRNPUL2-BSCL2	11	62457734	62494856
HOMER3	19	19040010	19052070
HOOK3	8	42752075	42885682
HP	16	72088491	72094954
HP1BP3	1	21069154	21113816
HPR	16	72088522	72111145
HPS6	10	103825147	103827792
HPX	11	6452279	6463847
HRNR	1	152184558	152196669
HSBP1	16	83841448	83853342
HSD17B10	X	53458206	53461320
HSD17B11	4	88257762	88312538
HSD17B12	11	43577986	43878167
HSD17B4	5	118788138	118972894
HSP90AA1	14	102547075	102606036
HSP90AB1	6	44214824	44221620
HSP90AB3P	4	88812911	88815434
HSP90AB4P	15	58982650	58985478
HSP90B1	12	104323885	104347423
HSPA12B	20	3713314	3733758
HSPA14	10	14880163	14913740
HSPA1A	6	31783291	31785723
HSPA1B	6	31789964	31798032
HSPA1L	6	31777396	31783437
HSPA4	5	132387654	132442141
HSPA4L	4	128702976	128761888
HSPA5	9	127997132	128003609
HSPA8	11	122928197	122933938
HSPA9	5	137890571	137911133
HSPB1	7	75931861	75933612
HSPB8	12	119616447	119658936
HSPD1	2	198351305	198381461
HSPE1	2	198364718	198368181
HSPE1-MOB4	2	198364721	198418423
HSPG2	1	22148738	22263790
HSPH1	13	31710762	31736525
HTATSF1	X	135579238	135594505
HTRA1	10	124221041	124274424
HTRA2	2	74756504	74760472
HUWE1	X	53559057	53713673
HYOU1	11	118914900	118927913
IARS1	9	94972489	95056038
IARS2	1	220267444	220321380
IBTK	6	82879700	82957471
ICAM1	19	10381511	10397291
ICAM2	17	62079954	62097994
IDH2	15	90626277	90645736
IDH3B	20	2639041	2644865
IFI16	1	158969758	159024945
IFI44	1	79115481	79129763
IFI44L	1	79085607	79111830
IFIT1	10	91152303	91163745
IFIT3	10	91087651	91100728
IFIT5	10	91174343	91180758
IFT172	2	27667238	27712656
IFT27	22	37154246	37172300
IFT57	3	107879659	107941417
IGF2BP1	17	47074774	47133012
IGF2BP2	3	185361527	185542844
IGF2BP3	7	23349828	23510086
IGF2R	6	160390131	160534539
IGFBP3	7	45951949	45961473
IGFBP5	2	217536828	217560248
IGFBP7	4	57896939	57976551
IGHA2	14	106053274	106054731
IGHG2	14	106109389	106111127
IGHG3	14	106232251	106237742
IGHG4	14	106090687	106092403
IGHMBP2	11	68671310	68708070
IGHV1-2	14	106452669	106453106
IGHV1OR15-9	15	20169909	20170354
IGHV3-53	14	107048670	107049120
IGHV3-64D	14	106088122	106088573
IGHV3-66	14	107131031	107131481
IGHV3-73	14	107210930	107211391
IGHV3OR16-9	16	32077386	32077679
IGHV4-28	14	106780511	106780945
IGHV4-31	14	106686239	106686676
IGHV4-34	14	106829592	106830024
IGHV4-39	14	106877617	106878055
IGHV4-4	14	106478108	106478539
IGHV4-59	14	107083254	107083685
IGHV4-61	14	107095124	107095561
IGHV7-81	14	107282792	107283280
IGKC	2	89156674	89157196
IGKJ1	2	89161398	89161435
IGKJ2	2	89161037	89161075
IGKV1-27	2	89512908	89513382
IGKV1-37	2	89597021	89597495
IGKV1-5	2	89246819	89247294
IGKV1-9	2	89309479	89309954
IGKV1D-13	2	90192948	90193424
IGKV1D-33	2	89952881	89953355
IGKV1D-43	2	90248920	90249395
IGKV2-28	2	89521179	89521912
IGKV2-29	2	89533666	89534392
IGKV2-30	2	89544264	89545049
IGKV2-40	2	89629873	89630187
IGKV2D-24	2	90043637	90044439
IGKV2D-26	2	90024762	90025514
IGKV2D-28	2	89998825	89999557
IGKV2D-29	2	89986352	89987081
IGKV2D-40	2	89890568	89891301
IGKV3-15	2	89384673	89385186
IGKV3-7	2	89277987	89278503
IGKV3D-15	2	90153745	90154258
IGKV4-1	2	89184913	89185669
IGKV6-21	2	89459235	89459786
IGKV6D-21	2	90060444	90060995
IGLV1-40	22	22764098	22764614
IGLV1-44	22	22735249	22735716
IGLV1-47	22	22712143	22712610
IGLV2-11	22	23134980	23135496
IGLV2-18	22	23077095	23077584
IGLV2-8	22	23165315	23165783
IGLV3-21	22	23054904	23055684
IGLV3-9	22	23161622	23162249
IGLV4-60	22	22516592	22517074
IGLV6-57	22	22550199	22550676
IGLV8-61	22	22453110	22453622
IK	5	140026643	140042064
IKBIP	12	99007183	99038891
IKBKB	8	42128820	42189973
IKBKG	X	153769414	153796782
IL1B	2	113587328	113594480
IL33	9	6215805	6257983
ILF2	1	153634512	153643524
ILF3	19	10764937	10803093
ILK	11	6624961	6632102
ILVBL	19	15225795	15236596
IMMT	2	86371055	86422893
IMPDH1	7	128032331	128050306
IMPDH2	3	49061758	49066841
INCENP	11	61891445	61920635
INF2	14	105155943	105185942
INPP4A	2	99061317	99210853
INPP5K	17	1397865	1420182
INPPL1	11	71934745	71950149
INTS6	13	51928213	52028400
IPO4	14	24649425	24658170
IPO5	13	98605912	98676551
IPO7	11	9406169	9469673
IPO8	12	30781922	30848920
IPO9	1	201798269	201853422
IQGAP1	15	90931450	91045475
IQGAP3	1	156495197	156542396
IQSEC1	3	12938719	13114617
IQSEC2	X	53262058	53350522
IRS1	2	227596033	227664475
IRS2	13	110406184	110438915
ISG15	1	948803	949920
ISG20L2	1	156691683	156698591
ITCH	20	32951041	33099198
ITGA2	5	52285156	52390609
ITGA5	12	54789045	54813244
ITGA6	2	173292082	173371181
ITGB1	10	33189247	33294720
ITIH2	10	7745232	7791483
ITIH3	3	52828784	52843025
ITIH4	3	52846991	52865495
ITPA	20	3189514	3204516
ITPKC	19	41223008	41246765
ITPR1	3	4535032	4889524
ITPR2	12	26490342	26986131
ITPR3	6	33588142	33664351
ITPRID2	2	182756560	182795465
ITSN1	21	35014706	35272165
ITSN2	2	24425733	24583583
IVD	15	40697686	40728146
IVNS1ABP	1	185265520	185286461
JAK1	1	65298912	65432187
JCAD	10	30301729	30404423
JPT1	17	73131343	73164376
JUN	1	59246465	59249785
JUP	17	39775692	39943183
KANK1	9	470291	746105
KANK2	19	11274943	11308467
KANK3	19	8387468	8408146
KARS1	16	75661622	75682541
KATNA1	6	149916009	149970108
KATNB1	16	57769642	57791162
KATNBL1	15	34432875	34502297
KCTD10	12	109886461	109915349
KCTD12	13	77454312	77460540
KCTD17	22	37447779	37459430
KCTD2	17	73028670	73061984
KCTD20	6	36410544	36458920
KCTD3	1	215740735	215795149
KCTD5	16	2732476	2759031
KDELR2	7	6485584	6523873
KEAP1	19	10596796	10614417
KHDRBS1	1	32479430	32526451
KHNYN	14	24898492	24910540
KHSRP	19	6413359	6424805
KIAA0753	17	6481468	6544247
KIAA1217	10	23983675	24836772
KIF11	10	94353043	94415150
KIF13B	8	28924796	29120641
KIF14	1	200520628	200589862
KIF15	3	44803209	44914868
KIF1B	1	10270863	10441661
KIF1C	17	4901243	4931696
KIF23	15	69706585	69740764
KIF2A	5	61601989	61833076
KIF2C	1	45205490	45233439
KIF4A	X	69509879	69640682
KIF5B	10	32297938	32345359
KIF7	15	90152020	90198682
KIFC1	6	33359313	33377701
KIFC3	16	57792129	57896957
KIRREL1	1	157963063	158070052
KLC1	14	104028233	104167888
KLC2	11	66024765	66035331
KLC4	6	43008515	43042837
KLHDC4	16	87730091	87799598
KNOP1	16	19714902	19729557
KPNA1	3	122140796	122233792
KPNA2	17	66031635	66042958
KPNA3	13	50273447	50367057
KPNA4	3	160212783	160283376
KPNA6	1	32573639	32642169
KPNB1	17	45726842	45762871
KPRP	1	152730506	152734529
KRTCAP2	1	155141884	155145951
KSR1	17	25783670	25953461
KTN1	14	56025790	56168244
L3HYPDH	14	59927081	59951148
LACTB	15	63413999	63434260
LAMA2	6	129204342	129837714
LAMA3	18	21269407	21535030
LAMA4	6	112429963	112576141
LAMA5	20	60883011	60942368
LAMB1	7	107564244	107643700
LAMB2	3	49158547	49170551
LAMB3	1	209788215	209825811
LAMC1	1	182992595	183114727
LAMC2	1	183155373	183214035
LAMTOR1	11	71796941	71814433
LANCL1	2	211295973	211342376
LANCL2	7	55433141	55501435
LAP3	4	17578815	17609595
LARP1	5	154092462	154197167
LARP1B	4	128982423	129144086
LARP4	12	50786166	50873787
LARP4B	10	855484	977564
LARP6	15	71123863	71146498
LARP7	4	113558120	113578748
LARS1	5	145492601	145562223
LASP1	17	37026112	37078023
LATS1	6	149979289	150039392
LBR	1	225589204	225616627
LCN1	9	138413284	138418378
LDB2	4	16503164	16900432
LDHA	11	18415935	18429972
LDHB	12	21788276	21910791
LEMD2	6	33738979	33756913
LEMD3	12	65563351	65642107
LENG1	19	54658899	54663620
LENG8	19	54960065	54973217
LEO1	15	52230222	52264003
LETM1	4	1813206	1857974
LGALS1	22	38071615	38075813
LGALS3	14	55590828	55612126
LGALS3BP	17	76967320	76976191
LGALS7	19	39261611	39264132
LGALS8	1	236681300	236716281
LGALS9	17	25956824	25976586
LIG3	17	33307513	33332083
LIMA1	12	50569571	50677329
LIMCH1	4	41361624	41702061
LIMD1	3	45596886	45727830
LIMS1	2	109150857	109303702
LIN7C	11	27516123	27528320
LLGL1	17	18128901	18148189
LLPH	12	66516842	66524548
LMAN1	18	56995055	57027194
LMAN2	5	176758563	176778853
LMF2	22	50941376	50946135
LMNA	1	156052364	156109880
LMNB1	5	126112315	126172712
LMNB2	19	2427636	2456994
LMO7	13	76194570	76434004
LMOD1	1	201865580	201915715
LOX	5	121398890	121413980
LOXL1	15	74218330	74244478
LOXL2	8	23154702	23282841
LOXL4	10	100007447	100028007
LPCAT2	16	55542910	55620582
LPIN1	2	11817721	11967535
LPP	3	187871072	188608460
LPXN	11	58294344	58345693
LRCH1	13	47127303	47327175
LRCH2	X	114345185	114468635
LRCH3	3	197518097	197615307
LRCH4	7	100169855	100183776
LRP1	12	57522276	57607134
LRP10	14	23340822	23350789
LRPAP1	4	3508103	3534286
LRPPRC	2	44113647	44223144
LRRC15	3	194075976	194090472
LRRC17	7	102553438	102585396
LRRC47	1	3696784	3713068
LRRC59	17	48452420	48474914
LRRC8A	9	131644391	131680318
LRRC8C	1	90098631	90235462
LRRFIP1	2	238536219	238722325
LRRFIP2	3	37094117	37225180
LSG1	3	194361517	194393206
LSM1	8	38020839	38034248
LSM12	17	42112003	42144987
LSM14A	19	34663409	34720420
LSM14B	20	60697517	60710434
LSM2	6	31765173	31774761
LSM3	3	14219858	14242619
LSM4	19	18417040	18434084
LSM6	4	147096837	147121152
LSM8	7	117824086	117832878
LTBP1	2	33172039	33624576
LTBP2	14	74964873	75079306
LTBP3	11	65306276	65326401
LTBP4	19	41098789	41135725
LTN1	21	30300466	30365270
LTV1	6	144164481	144184949
LUC7L	16	238968	279462
LUC7L2	7	139025105	139108198
LUC7L3	17	48796905	48833574
LUZP1	1	23410516	23504301
LYAR	4	4269428	4291896
LYZ	12	69742121	69748014
LZTS2	10	102756375	102767593
MACF1	1	39546988	39952849
MACROH2A1	5	134669590	134735604
MACROH2A2	10	71812552	71872036
MAEA	4	1283639	1333935
MAFF	22	38597889	38612518
MAGED1	X	51546103	51645453
MAGED2	X	54834032	54842445
MAGI1	3	65339200	66024509
MAGOH	1	53692564	53704282
MAGOHB	12	10758612	10766222
MAGT1	X	77081861	77151090
MALT1	18	56338618	56417371
MAML2	11	95709762	96076344
MAN1B1	9	139981379	140003635
MAN2A1	5	109025067	109205326
MANF	3	51422478	51426828
MAP1A	15	43803156	43823818
MAP1B	5	71403061	71505395
MAP1LC3B	16	87417601	87438385
MAP1S	19	17830051	17845325
MAP2	2	210288782	210598842
MAP2K2	19	4090319	4124126
MAP2K3	17	21187984	21218552
MAP2K7	19	7968728	7979363
MAP3K11	11	65365226	65382853
MAP3K3	17	61699775	61773663
MAP3K7	6	91223292	91296764
MAP4	3	47892182	48130769
MAP4K3	2	39476407	39664453
MAP4K4	2	102313312	102511149
MAP4K5	14	50885219	51027844
MAP7D1	1	36621180	36646450
MAP7D3	X	135295381	135338641
MAPK1	22	22108789	22221970
MAPK3	16	30125426	30134827
MAPK6	15	52244303	52358462
MAPKAP1	9	128199672	128469513
MAPKAPK5	12	112279782	112334343
MAPRE1	20	31407699	31438211
MAPRE2	18	32556892	32723434
MAPRE3	2	27193480	27250064
MARCKS	6	114178541	114184648
MARF1	16	15688243	15737023
MARK1	1	220701568	220837803
MARK2	11	63606400	63678491
MARK3	14	103851729	103970168
MARK4	19	45582546	45808541
MARS1	12	57869228	57911352
MAST2	1	46252659	46501796
MAST4	5	65892176	66465423
MAT2A	2	85766288	85772403
MATN2	8	98881068	99048944
MATR3	5	138609441	138667360
MAX	14	65472892	65569413
MBD2	18	51679079	51751158
MBD3	19	1576639	1592882
MBNL1	3	151961617	152183569
MBOAT7	19	54677107	54693733
MCAM	11	119179241	119192231
MCAT	22	43528212	43539400
MCCC2	5	70883115	70954531
MCM2	3	127317066	127341276
MCM3	6	52128807	52149679
MCM4	8	48872745	48890720
MCM5	22	35796056	35821423
MCM6	2	136597196	136633996
MCM7	7	99690351	99699563
MCRIP1	17	79780287	79791178
MCTS1	X	119727865	119754929
MCU	10	74451889	74647452
MDH2	7	75677369	75696826
MDK	11	46402306	46405375
MDN1	6	90352218	90529442
ME2	18	48405419	48474691
MECP2	X	153287024	153363212
MED1	17	37560538	37607539
MED10	5	6371994	6378707
MED12	X	70338406	70362303
MED13	17	60019966	60142643
MED13L	12	116395711	116715143
MED15	22	20850200	20941919
MED27	9	134735494	134955295
MED4	13	48627459	48669267
MED8	1	43849588	43855479
MEF2D	1	156433519	156470620
MEPCE	7	100026413	100031741
MESD	15	81239667	81282235
METAP2	12	95867296	95909615
MEX3B	15	82334119	82338482
MEX3C	18	48700920	48744674
MFAP1	15	44096690	44117000
MFF	2	228189867	228222550
MFGE8	15	89441916	89456642
MFN1	3	179065480	179112719
MFN2	1	12040238	12073571
MGA	15	41913422	42062141
MGAT2	14	50087489	50090198
MGP	12	15034115	15038860
MGST1	12	16500076	16762193
MGST3	1	165600098	165631033
MIA2	14	39699435	39722859
MIA3	1	222791428	222841354
MIB1	18	19284918	19450918
MICAL2	11	12115543	12285334
MICAL3	22	18270415	18507325
MICOS13	19	5678432	5680907
MIDEAS	14	74181825	74256988
MIF	22	24236191	24237414
MINK1	17	4736683	4801356
MIOS	7	7606503	7648560
MKI67	10	129894923	129924649
MKLN1	7	130794855	131181395
MKRN2	3	12598513	12625212
MLH1	3	37034823	37107380
MLKL	16	74705753	74734858
MLLT11	1	151030234	151040970
MMAA	4	146539415	146581187
MMP1	11	102660651	102668891
MMP14	14	23305766	23318236
MMRN1	4	90800683	90875780
MMRN2	10	88695297	88729238
MMS19	10	99218081	99258551
MMTAG2	1	228288427	228293112
MOB1A	2	74379655	74406025
MOB1B	4	71768043	71888166
MOB2	11	1490687	1522477
MOCOS	18	33767482	33852120
MOGS	2	74688184	74692537
MORF4L1	15	79102829	79190475
MORF4L2	X	102930424	102943086
MOV10	1	113215763	113243368
MPDZ	9	13105703	13279589
MPG	16	127006	135852
MPHOSPH10	2	71357444	71377231
MPRIP	17	16945859	17120993
MRE11	11	94152895	94227074
MRM3	17	685513	695749
MRPL1	4	78783674	78873944
MRPL11	11	66202546	66234209
MRPL12	17	79670387	79674556
MRPL13	8	121393000	121457642
MRPL14	6	44081194	44095194
MRPL15	8	55047770	55060461
MRPL16	11	59573608	59578345
MRPL17	11	6702013	6704632
MRPL18	6	160210844	160219468
MRPL19	2	75873909	75917977
MRPL2	6	43021767	43027544
MRPL20	1	1337288	1342693
MRPL21	11	68658744	68671303
MRPL22	5	154320630	154348971
MRPL23	11	1968508	2005752
MRPL24	1	156707095	156711382
MRPL27	17	48445218	48450575
MRPL28	16	417384	420527
MRPL3	3	131181056	131221827
MRPL30	2	99757948	99939204
MRPL33	2	27994584	28210954
MRPL34	19	17403418	17417652
MRPL37	1	54649714	54691137
MRPL39	21	26957968	26979829
MRPL4	19	10362577	10370721
MRPL41	9	140445651	140447007
MRPL43	10	102729215	102747272
MRPL44	2	224822121	224832431
MRPL45	17	36452989	36479101
MRPL46	15	89002707	89010650
MRPL48	11	73498361	73576178
MRPL49	11	64889655	64894843
MRPL50	9	104149915	104160896
MRPL53	2	74699085	74700449
MRPL54	19	3762662	3768573
MRPL58	17	73008765	73017356
MRPL9	1	151732119	151736040
MRPS10	6	42174539	42185603
MRPS11	15	89010684	89022222
MRPS12	19	39421188	39423802
MRPS14	1	174979925	174992561
MRPS15	1	36921319	36930038
MRPS16	10	75006510	75012451
MRPS17	7	55954970	56022932
MRPS18B	6	30585486	30594172
MRPS18C	4	84377085	84390888
MRPS2	9	138391830	138396519
MRPS21	1	150266289	150281414
MRPS22	3	138724648	139076065
MRPS23	17	55916842	55927417
MRPS24	7	43906157	43909492
MRPS25	3	15083967	15106842
MRPS26	20	3026591	3028900
MRPS27	5	71515236	71616473
MRPS28	8	80830952	80942524
MRPS30	5	44809027	44820530
MRPS31	13	41303432	41345309
MRPS33	7	140705854	140715028
MRPS34	16	1821891	1823156
MRPS35	12	27863706	27909228
MRPS5	2	95752952	95815179
MRPS6	21	35445524	35515334
MRPS7	17	73257755	73262454
MRPS9	2	105654441	105716418
MRRF	9	125026882	125085743
MRTFB	16	14165178	14360630
MRTO4	1	19578033	19586622
MSH2	2	47630108	47789450
MSH6	2	47922669	48037240
MSI2	17	55333212	55762046
MSN	X	64808257	64961791
MT1E	16	56659387	56661024
MT2A	16	56642111	56643409
MTA1	14	105886159	105937066
MTA2	11	62360686	62369312
MTA3	2	42721709	42984087
MTCH1	6	36935917	36954074
MTCH2	11	47638867	47664175
MTCL1	18	8705659	8832776
MTDH	8	98656407	98740998
MTHFD1	14	64854749	64926722
MTHFD1L	6	151186685	151423023
MTHFSD	16	86563782	86588841
MTMR1	X	149861435	149933576
MTMR12	5	32227100	32313115
MTMR14	3	9691117	9744077
MTMR3	22	30279144	30426855
MTOR	1	11166592	11322564
MTPAP	10	30598730	30663377
MTREX	5	54603588	54721409
MTX2	2	177134123	177202753
MUC19	12	40791677	40964632
MVB12A	19	17516531	17544533
MVP	16	29831715	29859355
MX1	21	42792231	42831141
MX2	21	42733870	42781317
MYADM	19	54369477	54379691
MYBBP1A	17	4442192	4458926
MYCBP	1	39328636	39347289
MYCBP2	13	77618792	77901185
MYCT1	6	153019030	153045702
MYD88	3	38179969	38184513
MYDGF	19	4657557	4670415
MYEF2	15	48431625	48470714
MYH10	17	8377523	8534079
MYH11	16	15797029	15950890
MYH14	19	50691443	50813802
MYH7B	20	33563206	33590240
MYH9	22	36677327	36784063
MYL10	7	101256605	101272576
MYL12A	18	3247479	3256234
MYL12B	18	3261907	3278282
MYL4	17	45277812	45301045
MYL6	12	56551945	56557280
MYL6B	12	56546040	56553431
MYL9	20	35169887	35178228
MYLK	3	123328896	123603178
MYO10	5	16665395	16936372
MYO18A	17	27400528	27507430
MYO1A	12	57422301	57444982
MYO1B	2	192109911	192290115
MYO1C	17	1367392	1396106
MYO1D	17	30819540	31204195
MYO1E	15	59427113	59665099
MYO1G	7	45002261	45018697
MYO5A	15	52599480	52821247
MYO5B	18	47349183	47721463
MYO5C	15	52484519	52587995
MYO6	6	76458909	76629254
MYO9A	15	72114632	72410918
MYO9B	19	17186591	17325346
MYOF	10	95066186	95242074
MYPN	10	69865912	69971774
MZT2B	2	130939310	130948302
NAA10	X	153194695	153200676
NAA15	4	140222609	140341187
NAA40	11	63706431	63724800
NACA	12	57106212	57125412
NAGK	2	71291474	71306935
NAMPT	7	105888731	105926772
NAP1L1	12	76438670	76478813
NAP1L4	11	2965667	3013607
NARS1	18	55267888	55289177
NASP	1	46049518	46084566
NAT10	11	34127149	34169217
NAV1	1	201592411	201796102
NAV3	12	78224685	78606790
NBAS	2	15307032	15701454
NBN	8	90945564	91015456
NBR1	17	41322498	41363708
NCAPD2	12	6602522	6641121
NCAPG	4	17812525	17846485
NCAPH	2	97001525	97039583
NCBP1	9	100395908	100436030
NCBP2	3	196662273	196669468
NCBP3	17	3714460	3749545
NCKAP1	2	183773843	183903586
NCL	2	232318242	232348352
NCLN	19	3185561	3209573
NCOA1	2	24714783	24993571
NCOA2	8	71021997	71316040
NCOA3	20	46130601	46285621
NCOA4	10	51565108	51590734
NCOA5	20	44689624	44718591
NCOR1	17	15932471	16121499
NCOR2	12	124808961	125052135
NDE1	16	15737124	15820210
NDEL1	17	8316449	8393729
NDUFA10	2	240831867	240964819
NDUFA13	19	19626545	19644285
NDUFA4	7	10971578	10979883
NDUFA9	12	4758261	4798454
NDUFB4	3	120315156	120321347
NDUFS1	2	206979541	207024327
NDUFS2	1	161166894	161184185
NDUFS3	11	47586888	47606114
NDUFS4	5	52856463	52979168
NDUFS5	1	39491990	39500308
NDUFS7	19	1383526	1395583
NDUFV1	11	67374323	67380006
NDUFV3	21	44299754	44333414
NECAP1	12	8234807	8250367
NECAP2	1	16767167	16786573
NEDD1	12	97301001	97347129
NEFH	22	29876219	29887379
NEFM	8	24770525	24776607
NEK6	9	127019885	127115586
NEK7	1	198126093	198291550
NELFB	9	140149625	140167998
NELFE	6	31919864	31926887
NEMF	14	50249997	50319921
NES	1	156638555	156647189
NEURL4	17	7218947	7232712
NEXN	1	78354198	78409580
NF1	17	29421945	29709134
NF2	22	29999545	30094587
NFAT5	16	69598997	69738569
NFATC1	18	77155856	77289325
NFATC2IP	16	28962128	28978418
NFATC4	14	24834879	24848810
NFIA	1	61330931	61928465
NFIB	9	14081842	14398982
NFIC	19	3359561	3469215
NFKB1	4	103422486	103538459
NFKB2	10	104153867	104162281
NFX1	9	33290509	33371155
NGRN	15	90808891	90816463
NHP2	5	177576461	177580968
NHSL1	6	138743180	139013708
NHSL2	X	71130938	71363424
NID1	1	236139130	236228462
NID2	14	52471521	52535712
NIFK	2	122484521	122494499
NIPBL	5	36876861	37066515
NKAP	X	119059014	119077735
NKAPL	6	28227098	28228736
NKRF	X	118722300	118739858
NLRP1	17	5402747	5522744
NME1	17	49230897	49239789
NME1-NME2	17	49230920	49249108
NME2	17	49230920	49249108
NME4	16	446725	460367
NMNAT1	1	10003486	10045559
NMT1	17	43128978	43186384
NMT2	10	15144583	15210692
NNT	5	43602794	43707507
NOB1	16	69775770	69788843
NOC4L	12	132628993	132637013
NOL10	2	10710892	10830101
NOL11	17	65713949	65740647
NOL4	18	31431064	31804916
NOL4L	20	31030862	31172875
NOL6	9	33461439	33473928
NOL9	1	6581407	6614595
NOLC1	10	103911933	103923627
NOMO1	16	14927538	14990017
NOMO2	16	18511182	18573533
NOMO3	16	16326352	16388668
NONO	X	70503042	70521018
NOP10	15	34633917	34635378
NOP14	4	2939660	2965112
NOP16	5	175810949	175815976
NOP2	12	6666029	6677857
NOP53	19	48248779	48260315
NOP56	20	2632791	2639039
NOP58	2	203130439	203168389
NOS2	17	26083792	26127525
NOS3	7	150688083	150711676
NOSIP	19	50058968	50093519
NOTCH2	1	120454176	120612240
NOTCH4	6	32162620	32191844
NPEPPS	17	45600308	45700642
NPLOC4	17	79523913	79615495
NPM1	5	170814120	170838141
NPM3	10	103541082	103543170
NQO1	16	69740899	69760854
NRAS	1	115247090	115259515
NRDC	1	52254863	52344477
NRGN	11	124609742	124617106
NRP1	10	33466420	33625190
NSD2	4	1873151	1983934
NSF	17	44668035	44834830
NSFL1C	20	1422807	1454487
NSRP1	17	28442539	28513493
NSUN2	5	6599352	6633404
NSUN5	7	72716514	72722864
NT5C2	10	104845940	104953056
NT5DC2	3	52558386	52569070
NT5E	6	86159809	86205500
NTN4	12	96051583	96184930
NTPCR	1	233086351	233119628
NUCKS1	1	205681947	205719404
NUDC	1	27226729	27273353
NUDCD1	8	110253148	110346614
NUDT21	16	56463045	56486111
NUDT4	12	93771659	93797024
NUFIP2	17	27582854	27621136
NUMA1	11	71713910	71791739
NUMB	14	73741815	73930348
NUMBL	19	41172596	41196877
NUP107	12	69080514	69136785
NUP133	1	229577045	229644103
NUP153	6	17615269	17706656
NUP155	5	37288239	37371283
NUP160	11	47799639	47870107
NUP214	9	134000948	134110057
NUP50	22	45559722	45583896
NUP88	17	5264258	5323480
NUP93	16	56764017	56878797
NUP98	11	3692313	3819022
NVL	1	224415036	224518089
NXF1	11	62559595	62573774
OAS2	12	113416200	113449528
OAS3	12	113376157	113411054
OASL	12	121458095	121477045
OAT	10	126085872	126107545
OBI1	13	79188426	79233314
OBSL1	2	220415451	220436581
OCIAD1	4	48807229	48863834
OCRL	X	128673826	128726538
ODR4	1	186344890	186390510
OFD1	X	13752832	13787480
OGDH	7	44646171	44748665
OGFR	20	61436187	61445352
OGT	X	70752933	70795747
OLA1	2	174937175	175113426
OPA1	3	193310933	193415612
OPA3	19	46030685	46105470
OPTN	10	13141449	13180291
OS9	12	58087738	58115340
OSBPL3	7	24836158	25021253
OSBPL8	12	76745577	76953589
OTUD4	4	146031990	146101313
OTUD6B	8	92082424	92099323
OXA1L	14	23235731	23241007
OXSR1	3	38206580	38296979
P3H1	1	43212006	43232755
P3H3	12	6937572	6949018
P3H4	17	39958199	39968856
P4HA1	10	74766975	74856732
P4HA2	5	131527531	131631008
P4HB	17	79801035	79818570
PA2G4	12	56498103	56507691
PABPC1	8	101698044	101735037
PABPC4	1	40026488	40042462
PABPN1	14	23790498	23795394
PACS1	11	65837834	66012218
PACSIN2	22	43231418	43411151
PACSIN3	11	47199076	47207994
PAF1	19	39876492	39881835
PAICS	4	57301907	57327534
PAIP1	5	43526369	43557860
PAIP2	5	138677276	138705406
PAK1	11	77032752	77185680
PAK4	19	39616410	39673456
PALLD	4	169418217	169849608
PALM2AKAP2	9	112542589	112934792
PAM16	16	4381550	4405608
PAMR1	11	35453370	35551848
PANK4	1	2439972	2458039
PAPPA	9	118916083	119164601
PAPSS1	4	108511433	108641608
PAPSS2	10	89419370	89507462
PARD3	10	34398488	35104253
PARK7	1	8014351	8045565
PARP1	1	226548392	226595780
PARP12	7	139723544	139763521
PARP14	3	122399465	122449687
PARP2	14	20811741	20826064
PARP4	13	24995064	25086948
PARP9	3	122246771	122283424
PARS2	1	55222571	55230187
PARVA	11	12398732	12552348
PATL1	11	59404189	59436453
PAWR	12	79968759	80084877
PAXBP1	21	34106210	34144169
PBDC1	X	75392771	75398039
PBRM1	3	52579368	52719933
PBXIP1	1	154916552	154928599
PCBP1	2	70314585	70316332
PCBP2	12	53835525	53874946
PCBP3	21	47063608	47362368
PCCB	3	135969148	136056738
PCF11	11	82868030	82898493
PCK2	14	24563262	24579807
PCLAF	15	64657193	64679886
PCM1	8	17780349	17885478
PCMT1	6	150070579	150132556
PCNA	20	5095599	5107272
PCNP	3	101292939	101313281
PCNT	21	47744036	47865682
PCOLCE	7	100199800	100205798
PCYT1A	3	195941093	196014828
PDAP1	7	98989671	99006452
PDCD11	10	105156405	105206049
PDCD2L	19	34895289	34917073
PDCD4	10	112631565	112659764
PDCD6	5	271736	353971
PDCD6IP	3	33839844	33911194
PDCL	9	125560668	125590910
PDCL3	2	101179152	101193197
PDE4D	5	58264865	59817947
PDE4DIP	1	144836157	145076186
PDGFA	7	536895	559933
PDHB	3	58413357	58419584
PDIA3	15	44038590	44065477
PDIA4	7	148700154	148725733
PDIA5	3	122785909	122944074
PDIA6	2	10923517	10978103
PDLIM4	5	131593364	131609147
PDLIM5	4	95373037	95589377
PDLIM7	5	176910395	176924607
PDRG1	20	30532758	30539895
PDS5A	4	39824483	39979576
PDS5B	13	33160564	33352157
PDXDC1	16	15068448	15233196
PDZD11	X	69506445	69510364
PEAK1	15	77400471	77712486
PEAR1	1	156863490	156886226
PECAM1	17	62396775	62404856
PELO	5	52083774	52099880
PES1	22	30972612	31003070
PEX11B	1	145516252	145523730
PEX13	2	61244360	61279125
PEX14	1	10532345	10690815
PEX5	12	7341281	7371170
PFKFB2	1	207222801	207254369
PFKFB3	10	6186881	6277495
PFKFB4	3	48555117	48599448
PFKL	21	45719934	45747259
PFKM	12	48498922	48540187
PFKP	10	3108525	3179904
PFN1	17	4848947	4852356
PFN2	3	149682691	149768575
PGAM1	10	99185917	99193198
PGAM5	12	133287405	133299228
PGK1	X	77320685	77384793
PGM3	6	83870869	83903655
PGRMC1	X	118370216	118378429
PHACTR1	6	12717893	13288645
PHAX	5	125935960	125962944
PHB	17	47481414	47492246
PHB2	12	7074490	7079988
PHC2	1	33789224	33896653
PHETA2	22	42470255	42475445
PHF2	9	96338689	96441869
PHF5A	22	41855721	41864729
PHF6	X	133507283	133562820
PHF8	X	53963109	54075391
PHGDH	1	120202421	120286838
PHKA1	X	71798664	71934167
PHKA2	X	18910418	19002716
PHKB	16	47495034	47735434
PHLDA1	12	76419227	76427712
PHLDB1	11	118477155	118528741
PHLDB2	3	111451344	111695364
PHRF1	11	576486	612222
PI4KA	22	21061979	21213705
PIBF1	13	73356197	73590591
PICALM	11	85668727	85780924
PIEZO1	16	88781751	88851619
PIH1D1	19	49949555	49956754
PIK3C2A	11	17099277	17229530
PIK3C2B	1	204391756	204463852
PIK3C3	18	39535171	39667794
PIK3R4	3	130397779	130465673
PIN4	X	71401203	71522776
PIP	7	142829170	142836839
PIP4K2B	17	36921942	36956379
PIP5K1A	1	151170425	151222012
PIP5K1C	19	3630181	3700477
PIPSL	10	95717897	95721672
PJA1	X	68380694	68385636
PJA2	5	108670410	108745695
PKM	15	72491370	72524164
PKN2	1	89149905	89301938
PKP1	1	201252580	201302121
PKP4	2	159313476	159539391
PLA2G4A	1	186798085	186958113
PLAA	9	26904081	26947461
PLAT	8	42032236	42065242
PLBD2	12	113796371	113827203
PLCB3	11	64018995	64036622
PLD1	3	171318195	171528740
PLEC	8	144989321	145050902
PLEKHA1	10	124134212	124191867
PLEKHA2	8	38758753	38831428
PLEKHA4	19	49340354	49371889
PLEKHA5	12	19282648	19529334
PLEKHG1	6	150920999	151164799
PLG	6	161123270	161174347
PLIN3	19	4838353	4867780
PLOD1	1	11994262	12035595
PLOD2	3	145787227	145881440
PLOD3	7	100849258	100861701
PLPP1	5	54720670	54830906
PLPP3	1	56960419	57045257
PLRG1	4	155456158	155471587
PLS3	X	114795501	114885181
PLXNB3	X	153029651	153044801
PLXND1	3	129274018	129325661
PML	15	74287014	74340153
PMS1	2	190649107	190742355
PMS2	7	6012870	6048756
PNISR	6	99845927	99873207
PNMA2	8	26362202	26371608
PNN	14	39644387	39652422
PNO1	2	68384976	68403370
PNPLA6	19	7598890	7626650
POGLUT1	3	119187785	119213555
POGLUT3	11	108342832	108369159
POGZ	1	151375200	151431941
POLD1	19	50887461	50921273
POLD3	11	74204896	74380162
POLDIP2	17	26673659	26684603
POLDIP3	22	42979727	43010968
POLR1D	13	28194903	28241548
POLR1E	9	37485932	37503694
POLR1F	7	19735085	19748710
POLR1G	19	45909467	45914024
POLR2A	17	7387685	7417933
POLR2B	4	57843888	57897334
POLR2C	16	57496299	57505922
POLR2E	19	1086594	1095598
POLR2H	3	184079506	184086384
POLR2I	19	36604612	36606248
POLR2M	15	57884231	58074960
POLR3A	10	79734907	79789303
POLR3B	12	106751436	106903976
POLR3D	8	22102617	22112113
POLRMT	19	617223	633597
POP1	8	99129525	99172062
POSTN	13	38136720	38172981
POTEE	2	131975882	132022965
POTEF	2	130831108	130886795
POTEKP	2	132349666	132366974
PPAN	19	10216965	10225414
PPAT	4	57259528	57301781
PPFIA1	11	70116806	70230509
PPFIBP1	12	27676364	27848497
PPHLN1	12	42632249	42853517
PPIA	7	44836279	44864163
PPIB	15	64448011	64455404
PPIG	2	170440850	170497916
PPIH	1	43124096	43142429
PPIL1	6	36822603	36842800
PPIL2	22	22006559	22054304
PPIL3	2	201735630	201754026
PPIL4	6	149825869	149867174
PPIP5K2	5	102455853	102548500
PPM1A	14	60712470	60765805
PPM1B	2	44395108	44471523
PPM1F	22	22273793	22307209
PPM1G	2	27604061	27632554
PPP1CA	11	67165654	67188654
PPP1CB	2	28974506	29025806
PPP1CC	12	111157485	111180744
PPP1R10	6	30568177	30586389
PPP1R12A	12	80167343	80329240
PPP1R12B	1	202317827	202561834
PPP1R12C	19	55602281	55628927
PPP1R13L	19	45882892	45909607
PPP1R18	6	30644166	30655672
PPP1R37	19	45594654	45651335
PPP1R3D	20	58511894	58515352
PPP1R9B	17	48211104	48227991
PPP2CA	5	133530025	133561833
PPP2CB	8	30631973	30671830
PPP2R1A	19	52693292	52730687
PPP2R1B	11	111597632	111637151
PPP2R2A	8	26149007	26230196
PPP2R2D	10	133747955	133773331
PPP2R3A	3	135684515	135866733
PPP4C	16	30087299	30096698
PPP4R2	3	73045936	73118350
PPP4R3A	14	91923955	91976898
PPP6C	9	127908852	127952218
PPP6R1	19	55741148	55770363
PPP6R2	22	50781733	50883514
PPP6R3	11	68228186	68382802
PQBP1	X	48755195	48760420
PRAG1	8	8175258	8243941
PRC1	15	91509270	91538859
PRDX1	1	45976708	45988719
PRDX2	19	12907634	12912694
PRDX3	10	120927215	120938345
PRDX4	X	23682379	23704516
PRDX6	1	173446405	173457946
PREB	2	27353624	27357543
PRICKLE2	3	64079543	64431152
PRKAA1	5	40759481	40798476
PRKACA	19	14202500	14228896
PRKACB	1	84543745	84704181
PRKAG1	12	49396057	49412980
PRKAR1A	17	66507921	66547460
PRKAR1B	7	588834	767287
PRKAR2A	3	48782030	48885279
PRKAR2B	7	106685094	106802256
PRKCA	17	64298754	64806861
PRKCH	14	61654277	62017694
PRKD2	19	47177532	47220384
PRKDC	8	48685669	48872743
PRKG1	10	52750945	54058110
PRKRA	2	179296141	179316239
PRMT1	19	50179043	50192286
PRMT5	14	23389720	23398794
PRORP	14	35591052	35743271
PRPF19	11	60658202	60674060
PRPF3	1	150293925	150325671
PRPF31	19	54618837	54635140
PRPF38A	1	52870236	52886511
PRPF38B	1	109234945	109244425
PRPF4	9	116037623	116055185
PRPF40A	2	153508107	153574511
PRPF4B	6	4021501	4065217
PRPF6	20	62612488	62664453
PRPF8	17	1553923	1588176
PRPH	12	49687035	49692465
PRPS1	X	106871737	106894256
PRPS2	X	12809474	12842341
PRPSAP1	17	74305567	74380602
PRPSAP2	17	18743398	18834581
PRRC2A	6	31588497	31605548
PRRC2B	9	134269480	134375584
PRRC2C	1	171454651	171562650
PRRX1	1	170631869	170708560
PRSS1	7	142457319	142460923
PRSS23	11	86502101	86663952
PRSS3P2	7	142478757	142482400
PRUNE2	9	79226292	79521003
PRXL2A	10	82167585	82192753
PSAP	10	73576055	73611126
PSD3	8	18384811	18942240
PSIP1	9	15464064	15511017
PSMA1	11	14515329	14665181
PSMA2	7	42948872	42971773
PSMA3	14	58711549	58738730
PSMA4	15	78832747	78841604
PSMA5	1	109941653	109969062
PSMA6	14	35747839	35786699
PSMA7	20	60711791	60718496
PSMB1	6	170844205	170862429
PSMB3	17	36908989	36920484
PSMB4	1	151372010	151374420
PSMB5	14	23485752	23504439
PSMB6	17	4699439	4701790
PSMB7	9	127115745	127177723
PSMC1	14	90722839	90738968
PSMC2	7	102984701	103009842
PSMC3	11	47440320	47447993
PSMC4	19	40476912	40487348
PSMC5	17	61904512	61909379
PSMC6	14	53173890	53195305
PSMD1	2	231921578	232037541
PSMD10	X	107327437	107334848
PSMD11	17	30771279	30810336
PSMD12	17	65334032	65362743
PSMD13	11	236546	252983
PSMD14	2	162164549	162268228
PSMD2	3	184016497	184026842
PSMD3	17	38137050	38154213
PSMD4	1	151227179	151239955
PSMD5	9	123577774	123605262
PSMD6	3	63996225	64009658
PSMD7	16	74330673	74340186
PSMD8	19	38865176	38874464
PSMD9	12	122326637	122356203
PSME1	14	24605367	24608176
PSME2	14	24612574	24616779
PSPC1	13	20248896	20357142
PTBP1	19	797075	812327
PTBP3	9	114980715	115095947
PTCD3	2	86333305	86369280
PTDSS1	8	97273943	97349223
PTGES3	12	57057127	57082159
PTGS1	9	125132824	125157982
PTGS2	1	186640923	186649559
PTK2	8	141667999	142012315
PTPN1	20	49126891	49201299
PTPN12	7	77166592	77269388
PTPN14	1	214522039	214725792
PTPN21	14	88932122	89021077
PTPN9	15	75759462	75871630
PTPRK	6	128289924	128841870
PTRH1	9	130455257	130487152
PTS	11	112097088	112140678
PTX3	3	157154578	157161417
PUF60	8	144898514	144912029
PUM1	1	31404353	31538838
PUM2	2	20448452	20551995
PURA	5	139487362	139496321
PURB	7	44915896	44924960
PWP1	12	108079509	108106944
PWP2	21	45527171	45551063
PXDN	2	1635659	1748624
PXMP2	12	133264192	133297276
PXN	12	120648250	120703574
PYCR1	17	79890260	79900288
PYCR2	1	226107578	226111978
PYCR3	8	144686083	144691943
PYGB	20	25228705	25278650
PYM1	12	56295197	56326402
QARS1	3	49133365	49142562
QIL1	19	5678432	5680907
QKI	6	163835032	163999628
QPCT	2	37571717	37600465
QPCTL	19	46195741	46207247
QSOX1	1	180123969	180173165
R3HDM1	2	136289025	136482840
R3HDM2	12	57643392	57824788
RAB10	2	26256976	26360323
RAB11A	15	66018392	66184329
RAB11B	19	8454865	8469318
RAB11FIP2	10	119764427	119806114
RAB11FIP5	2	73300510	73383849
RAB13	1	153954127	153958834
RAB14	9	123940415	123985292
RAB15	14	65412532	65439494
RAB18	10	27793197	27831143
RAB1A	2	65297835	65357240
RAB1B	11	66036004	66044963
RAB23	6	57053607	57087078
RAB2A	8	61429416	61536186
RAB32	6	146864829	146876101
RAB34	17	27041299	27045447
RAB35	12	120532899	120555306
RAB3B	1	52373628	52456436
RAB3D	19	11432722	11456946
RAB3GAP1	2	135809835	135933964
RAB3GAP2	1	220321635	220445796
RAB3IP	12	70132461	70216984
RAB4B	19	41284121	41302847
RAB5A	3	19988571	20026667
RAB5B	12	56367697	56388490
RAB5C	17	40276994	40307035
RAB6A	11	73386683	73472182
RAB7A	3	128444965	128533639
RAB8A	19	16222439	16245044
RAB8B	15	63481668	63559981
RABEP2	16	28915742	28947847
RABGAP1	9	125703112	125867145
RABL6	9	139702374	139735639
RAC1	7	6414154	6443608
RAC2	22	37621301	37640488
RACGAP1	12	50370706	50426919
RACK1	5	180663909	180675096
RAD21	8	117858174	117887105
RAD50	5	131891711	131980313
RAE1	20	55926066	55954267
RAF1	3	12625100	12705725
RAI1	17	17584787	17714767
RAI14	5	34656342	34832732
RALA	7	39663082	39747723
RALBP1	18	9475007	9538114
RALGAPA1	14	36007558	36278510
RALY	20	32581452	32696114
RALYL	8	85095022	85834079
RAMAC	15	83654955	83659809
RAMACL	6	166999006	167000173
RAN	12	131356424	131362223
RANBP1	22	20103461	20114878
RANBP10	16	67757005	67840555
RANBP2	2	109335937	109402267
RANBP6	9	6011043	6015618
RANBP9	6	13621730	13711796
RANGAP1	22	41641615	41682255
RAP1A	1	112084840	112259313
RAP1B	12	69004619	69054372
RAPGEF2	4	160025330	160281321
RAPH1	2	204259068	204400133
RARS1	5	167913450	167946304
RASA2	3	141205889	141334184
RASA3	13	114747194	114898086
RASAL2	1	178062864	178448644
RASIP1	19	49223844	49243978
RASSF1	3	50367219	50378411
RASSF8	12	26111962	26232825
RAVER1	19	10426888	10444314
RB1CC1	8	53535016	53658403
RBBP4	1	33116743	33151812
RBBP6	16	24549014	24584184
RBBP7	X	16857406	16888537
RBCK1	20	388142	411610
RBFA	18	77794358	77806397
RBFOX2	22	36134783	36424473
RBM10	X	47004268	47046212
RBM12	20	34236847	34252878
RBM12B	8	94741584	94753245
RBM14	11	66384053	66394818
RBM15	1	110881128	110889299
RBM15B	3	51428731	51435330
RBM17	10	6130950	6159420
RBM22	5	150070356	150080669
RBM25	14	73525144	73588122
RBM26	13	79885962	79980612
RBM27	5	145583113	145718814
RBM28	7	127937738	127983962
RBM3	X	48432837	48437454
RBM33	7	155437145	155574179
RBM39	20	34291531	34330234
RBM4	11	66384097	66434153
RBM42	19	36119932	36128588
RBM45	2	178977151	179003738
RBM4B	11	66432469	66445392
RBM5	3	50126341	50156454
RBM6	3	49977440	50137478
RBM8A	1	145507598	145513536
RBMS1	2	161128662	161350305
RBMS2	12	56915713	56984745
RBMS3	3	29322473	30051886
RBMX	X	135930163	135962923
RBMX2	X	129535943	129547317
RBPMS	8	30241944	30429778
RC3H1	1	173900352	173991435
RC3H2	9	125606835	125667620
RCC1	1	28832455	28865812
RCC2	1	17733256	17766220
RCL1	9	4792869	4885917
RCN1	11	31833939	32127301
RCN2	15	77223960	77242601
RCN3	19	50030875	50050219
RDX	11	110045605	110167447
RECQL	12	21621845	21654603
REEP3	10	65281123	65384883
REEP4	8	21995533	21999464
REEP5	5	112212084	112258236
REL	2	61108656	61158745
RELA	11	65421067	65430565
RELB	19	45504688	45541452
RELCH	18	59854491	59974355
REPS1	6	139224630	139309398
RER1	1	2323267	2336883
RETSAT	2	85569211	85581743
RFC1	4	39289076	39367995
RFC2	7	73645829	73668774
RFC3	13	34392186	34540695
RFC4	3	186507669	186524847
RFC5	12	118451393	118470935
RFLNA	12	124457788	124800570
RFTN1	3	16355081	16555533
RGPD3	2	107021446	107084832
RGPD8	2	113127669	113192065
RGS12	4	3294755	3441640
RHBDF1	16	108058	126354
RHBDF2	17	74466973	74497872
RHOA	3	49396578	49450431
RHOC	1	113243728	113250056
RHOG	11	3848208	3862213
RHOT1	17	30469473	30580393
RIC8A	11	207511	215113
RICTOR	5	38938021	39074510
RIF1	2	152266397	152364527
RIOK1	6	7389729	7418270
RIOK2	5	96496571	96518964
RIOX1	14	73957644	73960105
RIPK1	6	3064225	3115421
RIPK2	8	90769975	90803291
RIPOR1	16	67552321	67580691
RIT1	1	155867599	155881195
RMDN3	15	41028082	41048049
RMND5A	2	86947296	87005164
RNASEL	1	182542769	182558391
RNF20	9	104296133	104325622
RNF213	17	78234665	78372586
RNF25	2	219528587	219537134
RNF31	14	24615892	24629870
RNF40	16	30773066	30787628
RNH1	11	494512	507300
RNMT	18	13726659	13764557
RNPS1	16	2303117	2318413
RO60	1	193028552	193060907
ROCK1	18	18526867	18691812
ROCK2	2	11319887	11488456
RP9	7	33134409	33149013
RPA1	17	1732996	1803376
RPA2	1	28218035	28241257
RPA3	7	7676149	7758238
RPAP1	15	41809374	41836467
RPAP2	1	92764522	92867613
RPAP3	12	48057070	48099844
RPIA	2	88991162	89050452
RPL10	X	153618315	153637504
RPL10A	6	35436185	35438562
RPL11	1	24018269	24022915
RPL12	9	130209953	130213684
RPL13	16	89627065	89630950
RPL13A	19	49990811	49995565
RPL14	3	40498783	40503861
RPL15	3	23958036	23965183
RPL17	18	47008051	47017956
RPL17-C18orf32	18	47007548	47018935
RPL18	19	49118585	49122793
RPL18A	19	17970685	17974962
RPL19	17	37356536	37360980
RPL21	13	27825446	27830828
RPL22	1	6241329	6269449
RPL22L1	3	170582664	170588272
RPL23	17	37004118	37010096
RPL23A	17	27046411	27051377
RPL24	3	101399935	101405626
RPL26	17	8280838	8286531
RPL26L1	5	172385732	172396774
RPL27	17	41150290	41154976
RPL27A	11	8703958	8736306
RPL28	19	55896713	55914612
RPL29	3	52027616	52029958
RPL3	22	39708887	39716394
RPL30	8	99037079	99058697
RPL31	2	101618177	101640494
RPL32	3	12875984	12883087
RPL34	4	109541722	109551568
RPL35	9	127620159	127624260
RPL35A	3	197676858	197683481
RPL36	19	5674958	5691887
RPL36A	X	100645812	100651105
RPL36A-HNRNPH2	X	100645878	100669128
RPL36AL	14	50085237	50087403
RPL37	5	40825364	40835437
RPL37A	2	217362912	217443903
RPL38	17	72199721	72206794
RPL39	X	118920467	118925606
RPL39P5	3	134070581	134070985
RPL4	15	66790355	66816870
RPL5	1	93297582	93307481
RPL6	12	112842994	112856642
RPL7	8	74202506	74208024
RPL7A	9	136215069	136218281
RPL7L1	6	42847356	42857663
RPL8	8	146015150	146017972
RPL9	4	39455744	39460568
RPLP0	12	120634489	120639038
RPLP0P6	2	38708917	38710017
RPLP1	15	69745123	69748255
RPLP2	11	809647	812880
RPN1	3	128338817	128399918
RPN2	20	35806813	35870022
RPP30	10	92631473	92668312
RPRD2	1	150335567	150449042
RPS10	6	34385231	34393902
RPS10-NUDT3	6	34254971	34393902
RPS11	19	49999622	50002946
RPS12	6	133135580	133138703
RPS13	11	17095936	17099334
RPS14	5	149822753	149829319
RPS15	19	1438358	1440583
RPS15A	16	18792617	18801705
RPS16	19	39923847	39926588
RPS17	15	82821158	82824972
RPS17L	15	82821158	82824972
RPS18	6	33239787	33244287
RPS19	19	42363988	42376994
RPS2	16	2012053	2014861
RPS20	8	56979854	56987069
RPS21	20	60962172	60963576
RPS23	5	81569177	81574396
RPS24	10	79793518	79816570
RPS25	11	118886422	118889401
RPS26	12	56435637	56438116
RPS26P11	X	71264259	71264824
RPS27	1	153963235	153964626
RPS27A	19	18682540	18688360
RPS27L	1	153963235	153964626
RPS28	19	8386042	8388224
RPS29	14	50043390	50065408
RPS3	11	75110530	75133324
RPS3A	4	152020725	152025804
RPS4X	X	71475529	71497150
RPS4Y1	Y	2709527	2800041
RPS5	19	58897767	58906173
RPS6	9	19375713	19380252
RPS6KA3	X	20168029	20285523
RPS6KA4	11	64126620	64139687
RPS7	2	3622795	3628509
RPS8	1	45240923	45244451
RPS9	19	54704610	54752862
RPSA	3	39448180	39454033
RPUSD3	3	9879533	9886286
RRAD	16	66955582	66959547
RRAS	19	50138549	50143458
RRAS2	11	14299472	14386052
RRBP1	20	17594323	17662940
RRM1	11	4115937	4160106
RRP1	21	45209394	45225174
RRP12	10	99116115	99161127
RRP15	1	218458629	218511325
RRP1B	21	45079429	45115958
RRP7A	22	42905974	42915808
RRP8	11	6616305	6624850
RRS1	8	67341263	67342966
RSBN1L	7	77325760	77412339
RSL1D1	16	11929056	11945442
RSRC1	3	157823644	158263519
RSRC2	12	122989190	123011547
RSU1	10	16632610	16859527
RTCA	1	100731763	100758325
RTCB	22	32783569	32808242
RTF1	15	41700606	41775761
RTF2	20	55043641	55093942
RTN4	2	55199325	55339757
RTRAF	14	52456193	52471420
RUNX1	21	36160098	37376965
RUNX2	6	45295894	45632086
RUSC2	9	35490124	35561895
RUVBL1	3	127783621	127872757
RUVBL2	19	49496705	49519252
S100A10	1	151955391	151966866
S100A11	1	152004982	152020383
S100A13	1	153591263	153606568
S100A16	1	153579362	153585621
S100A3	1	153519805	153521848
S100A6	1	153507075	153508720
S100A7	1	153430220	153433177
S100A8	1	153362508	153363664
S100A9	1	153330330	153333503
SACM1L	3	45730548	45786916
SACS	13	23902965	24007841
SAFB	19	5623046	5668489
SAFB2	19	5587010	5624057
SAMD4A	14	55033815	55260033
SAMD9	7	92728829	92747336
SAMD9L	7	92759368	92777682
SAMHD1	20	35518632	35580246
SAMM50	22	44351301	44406411
SAP18	13	21714653	21723221
SAP30BP	17	73663196	73704142
SAR1A	10	71907045	71930279
SARNP	12	56146247	56211540
SARS1	1	109756540	109780791
SARS2	19	39405906	39440495
SART1	11	65729160	65747299
SART3	12	108916357	108955176
SATB2	2	200134223	200335989
SAV1	14	51098776	51135049
SBDS	7	66452664	66460588
SBF1	22	50883429	50913454
SBF2	11	9800214	10315754
SBSN	19	36014269	36019253
SCAF8	6	155054459	155155192
SCAMP4	19	1905213	1926016
SCARB2	4	77079890	77135046
SCD	10	102106881	102124591
SCRIB	8	144873090	144897549
SCRN1	7	29959719	30029905
SCUBE3	6	35182190	35220856
SCYL1	11	65292548	65306175
SCYL2	12	100660918	100735502
SDC4	20	43953928	43977064
SDCBP	8	59465483	59495419
SDF2	17	26975374	26989207
SDF2L1	22	21996550	21998587
SDF4	1	1152288	1167411
SDHA	5	218356	256815
SDHB	1	17345217	17380665
SEC11A	15	85212775	85259947
SEC13	3	10334815	10362862
SEC16A	9	139334549	139372141
SEC22B	1 (PATCHES)	227516	248095
SEC23A	14	39501123	39578850
SEC23B	20	18488137	18542059
SEC23IP	10	121652223	121702014
SEC24A	5	133984479	134063513
SEC24B	4	110354928	110462052
SEC24C	10	75504120	75531919
SEC24D	4	119643978	119759838
SEC31A	4	83739814	83822319
SEC61A1	3	127770484	127790526
SEC61B	9	101984346	101992897
SEC62	3	169684423	169716161
SEC63	6	108188960	108279393
SECISBP2	9	91933421	91974557
SECISBP2L	15	49280673	49338760
SEL1L	14	81937893	82000205
SELENOF	1	87328128	87380107
SELH	11	57508825	57510986
SEMA3A	7	83585093	84122040
SEMA3C	7	80371854	80551675
SEMG1	20	43835638	43838413
SEPTIN11	4	77870856	77961537
SEPTIN2	2	242254515	242293442
SEPTIN6	X	118749687	118827333
SEPTIN7	7	35840596	35946715
SEPTIN9	17	75276651	75496678
SERBP1	1	67873493	67896098
SERF2	15	44069285	44094787
SERPINA1	14	94843084	94857030
SERPINA12	14	94953611	94984181
SERPINB12	18	61223393	61234244
SERPINB2	18	61538926	61571124
SERPINB3	18	61322431	61329197
SERPINB6	6	2948393	2972090
SERPINB8	18	61637159	61672278
SERPINB9	6	2887500	2903514
SERPINE1	7	100770370	100782547
SERPINH1	11	75273101	75283828
SESTD1	2	179966419	180129517
SET	9	131445703	131458679
SF1	11	64532078	64546258
SF3A1	22	30727977	30752936
SF3A2	19	2236520	2248678
SF3A3	1	38422647	38456593
SF3B1	2	198254508	198299815
SF3B2	11	65818200	65836779
SF3B3	16	70557691	70608820
SF3B4	1	149895209	149900236
SF3B5	6	144416018	144416754
SF3B6	2	24290454	24299314
SFN	1	27189633	27190947
SFPQ	1	35641979	35658749
SFRP1	8	41119481	41167016
SFSWAP	12	132195626	132284282
SFXN1	5	174904065	174956745
SFXN3	10	102790991	102800998
SGK223	8	8175258	8244008
SGK3	8	67579831	67772707
SGPL1	10	72575717	72640930
SH2D3C	9	130500596	130541020
SH3BGRL2	6	80341000	80413372
SH3BGRL3	1	26605667	26608007
SH3BP4	2	235860617	235964358
SH3GL1	19	4360367	4400544
SH3GLB1	1	87170259	87213867
SH3KBP1	X	19552093	19905719
SH3PXD2A	10	105348285	105615301
SH3PXD2B	5	171752185	171881527
SHANK3	22	51112843	51171726
SHARPIN	8	145153536	145163027
SHB	9	37919131	38069210
SHC1	1	154934774	154946871
SHE	1	154442248	154474589
SHFL	19	10196798	10203928
SHKBP1	19	41082757	41097305
SHMT1	17	18231187	18266856
SHMT2	12	57623110	57628718
SHOC2	10	112679301	112773425
SHROOM2	X	9754496	9917483
SHROOM4	X	50334647	50557302
SIK3	11	116714118	116969153
SIPA1	11	65405568	65418401
SIPA1L1	14	71787166	72207946
SIPA1L3	19	38397868	38699012
SKIV2L	6	31926857	31937532
SKP1	5	133484633	133512729
SLAIN2	4	48343339	48428229
SLC12A4	16	67977377	68003504
SLC16A1	1	113454469	113499635
SLC16A3	17	80186273	80219005
SLC1A5	19	47278140	47291851
SLC25A1	22	19163095	19166343
SLC25A10	17	79670401	79687569
SLC25A11	17	4840425	4843546
SLC25A12	2	172640880	172864766
SLC25A13	7	95749532	95951459
SLC25A22	11	790475	798316
SLC25A24	1	108676658	108743471
SLC25A3	12	98987369	98995946
SLC25A4	4	186064395	186071536
SLC25A5	X	118602363	118605282
SLC25A6	X	1505045	1511617
SLC27A4	9	131102925	131123749
SLC29A1	6	44187242	44201888
SLC2A1	1	43391052	43424530
SLC30A9	4	41992489	42092474
SLC35B2	6	44221833	44225291
SLC39A7	6	33168222	33172216
SLC3A2	11	62623518	62656352
SLC4A1AP	2	27886338	27917840
SLC9A3R2	16	2075357	2089027
SLFN11	17	33677324	33700720
SLFN5	17	33570055	33600674
SLIRP	14	78174414	78227447
SLIT2	4	20254883	20622184
SLK	10	105726959	105788991
SLTM	15	59171244	59225852
SLU7	5	159828648	159848718
SMAD1	4	146402346	146479231
SMAD2	18	45357922	45457515
SMAD3	15	67356101	67487533
SMAP2	1	40810522	40888998
SMARCA1	X	128580480	128657477
SMARCA2	9	2015342	2193624
SMARCA4	19	11071598	11176071
SMARCA5	4	144434616	144478639
SMARCAL1	2	217277137	217347776
SMARCB1	22	24129150	24176703
SMARCC1	3	47626762	47823596
SMARCC2	12	56556767	56583351
SMARCD1	12	50478755	50494495
SMARCD2	17	61909444	61920425
SMARCE1	17	38781214	38804760
SMC1A	X	53401070	53449677
SMC2	9	106856541	106903698
SMC3	10	112327449	112364394
SMC4	3	160117062	160152750
SMCHD1	18	2655737	2805015
SMG6	17	1963133	2207065
SMN1	5	69345350	69374349
SMN2	5	69345350	69374349
SMNDC1	10	112050488	112064709
SMOC1	14	70320848	70499083
SMTN	22	31460091	31500743
SMU1	9	33041762	33076665
SMURF2	17	62538413	62658186
SNAP23	15	42783431	42837547
SNAP29	22	21213271	21245506
SND1	7	127292234	127732661
SNED1	2	241938255	242034983
SNHG28	1	159804264	159825137
SNIP1	1	38000050	38019903
SNRNP200	2	96940074	96971297
SNRNP27	2	70120692	70132707
SNRNP40	1	31732417	31769662
SNRNP70	19	49588676	49611862
SNRPA	19	41256542	41271294
SNRPA1	15	101821715	101835487
SNRPB	20	2442280	2451499
SNRPB2	20	16710606	16722421
SNRPC	6	34725183	34741571
SNRPD1	18	19192228	19210417
SNRPD2	19	46190712	46195827
SNRPD3	22	24951471	25005947
SNRPE	1	203830731	203839678
SNRPG	2	70508494	70520903
SNRPGP15	19	14600112	14600686
SNRPN	15	25068794	25223870
SNTB1	8	121547985	121825513
SNTB2	16	69221032	69342955
SNU13	22	42069937	42085296
SNW1	14	78183942	78227550
SNX18	5	53813589	53842415
SNX33	15	75940247	75954642
SNX6	14	35030300	35099389
SNX9	6	158244296	158366109
SOGA1	20	35405845	35492089
SON	21	34914924	34949812
SORBS2	4	186506598	186877806
SORBS3	8	22402499	22433301
SORT1	1	109852192	109940573
SOX17	8	55370495	55373448
SP100	2	231280657	231408805
SPAG9	17	49039535	49198226
SPARC	5	151040657	151066726
SPART	13	36875775	36944317
SPATA18	4	52917497	52963458
SPATA5	4	123844229	124240605
SPATA5L1	15	45694529	45713617
SPATS2	12	49760367	49921205
SPATS2L	2	201170604	201346986
SPECC1	17	19912657	20222339
SPECC1L	22	24666786	24813708
SPIN1	9	91003334	91093609
SPIN3	X	57002803	57021970
SPINDOC	11	63580846	63595190
SPINDOC	11	63580860	63595190
SPOCK1	5	136310987	136934068
SPTAN1	9	131314866	131395941
SPTBN1	2	54683422	54896812
SPTBN2	11	66452719	66496697
SPTLC1	9	94794281	94877666
SPTLC2	14	77972340	78083116
SQOR	15	45923346	45983492
SQSTM1	5	179233388	179265078
SRBD1	2	45615819	45839304
SRCAP	16	30709530	30755602
SREK1	5	65435799	65479443
SREK1IP1	5	64013971	64064512
SRFBP1	5	121297656	121411265
SRGAP1	12	64238073	64541613
SRGAP2	1	206516200	206637783
SRGN	10	70847862	70864567
SRI	7	87834433	87856308
SRP14	15	40327940	40331389
SRP54	14	35451163	35498773
SRP68	17	74035184	74068734
SRP72	4	57333081	57369839
SRP9	1	225965531	225978168
SRPK1	6	35800743	35889119
SRPK2	7	104751151	105039755
SRPRA	11	126132814	126139039
SRPRB	3	133502877	133544616
SRPX	X	38008589	38080696
SRPX2	X	99899215	99926296
SRRM1	1	24958207	24999758
SRRM2	16	2802330	2822539
SRRT	7	100472733	100486285
SRSF1	17	56080721	56084707
SRSF10	1	24291294	24307417
SRSF11	1	70671365	70718735
SRSF12	6	89805678	89827800
SRSF2	17	74730197	74733456
SRSF3	6	36562145	36573377
SRSF4	1	29474255	29508499
SRSF5	14	70193617	70238722
SRSF6	20	42086568	42092245
SRSF7	2	38970741	38978636
SRSF9	12	120899471	120907596
SSB	2	170648443	170668574
SSBP1	7	141438121	141487722
SSBP3	1	54691105	54879152
SSBP4	19	18529674	18545372
SSH1	12	109176466	109251366
SSR1	6	7268539	7347679
SSR3	3	156257929	156272973
SSR4	X	153058971	153063960
SSRP1	11	57093459	57103351
STAB1	3	52529354	52558511
STAM2	2	152973315	153032506
STARD13	13	33677272	33924767
STARD3NL	7	38217824	38270272
STAT1	2	191829084	191885686
STAT3	17	40465342	40540586
STAT5B	17	40351186	40428725
STAU1	20	47729878	47804904
STAU2	8	74332604	74659943
STBD1	4	77172886	77232752
STC1	8	23699428	23712320
STIP1	11	63952744	63972015
STK3	8	99413631	99955055
STK38	6	36461669	36515247
STK38L	12	27396901	27478892
STK4	20	43595115	43708600
STMN1	1	26210672	26233482
STOM	9	124101355	124132531
STOML2	9	35099888	35103154
STON1	2	48756522	48826025
STON1-GTF2A1L	2	48757064	49003656
STRAP	12	16035325	16056412
STRN	2	37070783	37193615
STT3A	11	125461607	125495110
STT3B	3	31574130	31679112
STX12	1	28099694	28150963
STX5	11	62574369	62599560
STXBP1	9	130374544	130457460
SUB1	5	32531739	32604185
SUCLG1	2	84650647	84687169
SUGP1	19	19386827	19431653
SUGP2	19	19101697	19144832
SUMF1	3	3742498	4508965
SUN2	22	39130730	39190148
SUPT16H	14	21819631	21852425
SUPT5H	19	39926796	39967310
SURF4	9	136228325	136242970
SURF6	9	136197552	136203235
SVEP1	9	113127531	113342160
SVIL	10	29746267	30025710
SWAP70	11	9685624	9774538
SYBU	8	110586207	110704020
SYDE1	19	15218214	15225799
SYF2	1	25549170	25558993
SYNCRIP	6	86318053	86353510
SYNE1	6	152442819	152958936
SYNE2	14	64319683	64693165
SYNE3	14	95883831	95942173
SYNJ1	21	34001069	34100359
SYNJ2	6	158402888	158520208
SYNPO	5	149980642	150038782
SYNPO2	4	119809996	119982402
SYNRG	17	35874900	35969544
TAB1	22	39795746	39833065
TAB2	6	149539777	149732749
TAB3	X	30845559	30993201
TACC3	4	1723227	1746898
TAF15	17	34136459	34191619
TAF2	8	120743015	120845103
TAGLN	11	117070037	117075498
TAGLN2	1	159887897	159895522
TAL1	1	47681962	47697892
TALDO1	11	747329	765024
TAMALIN	12	52400724	52409673
TANC1	2	159825146	160089170
TANC2	17	61086917	61505060
TANK	2	161993419	162092732
TAOK1	17	27717482	27878922
TAOK2	16	29984962	30003582
TAOK3	12	118587606	118810750
TAP1	6	32812986	32821755
TAP2	6	32781544	32806599
TAPBP	6	33267471	33282164
TARBP2	12	53894705	53900215
TARDBP	1	11072414	11085796
TASOR	3	56654161	56717265
TAX1BP1	7	27778950	27884183
TBC1D10A	22	30687979	30723035
TBC1D10B	16	30368423	30381585
TBC1D5	3	17198654	18486309
TBK1	12	64845660	64895888
TBKBP1	17	45771447	45789416
TBL1XR1	3	176737143	176915261
TBL2	7	72983262	72993121
TBL3	16	2022038	2032934
TCAF2	7	143318045	143427173
TCEA1	8	54879112	54935089
TCEANC2	1	54519260	54578192
TCERG1	5	145826874	145891524
TCF20	22	42556019	42739622
TCF25	16	89940000	89977792
TCIRG1	11	67806483	67818362
TCOF1	5	149737202	149779871
TCP1	6	160199530	160210781
TDRD3	13	60970591	61148012
TECPR1	7	97843936	97881563
TECR	19	14627897	14676792
TENT2	5	78907943	78982471
TENT5A	6	82201156	82462491
TEP1	14	20833826	20881588
TET2	4	106067032	106200973
TF	3	133464800	133497850
TFAM	10	60144782	60158981
TFB1M	6	155578643	155635627
TFG	3	100428205	100467810
TFIP11	22	26887191	26908471
TFPI2	7	93514709	93520303
TFRC	3	195754054	195809060
TGFB1	19	41807492	41859816
TGFB1I1	16	31482906	31489281
TGFB2	1	218519577	218617961
TGFBI	5	135364584	135399507
TGFBR2	3	30647994	30735634
TGM2	20	36756863	36794980
TGM3	20	2276647	2321724
TGOLN2	2	85545147	85555548
THAP11	16	67876213	67878097
THBS1	15	39873280	39891667
THBS2	6	169615875	169654139
THOC2	X	122734412	122866906
THOC3	5	175344876	175461683
THRAP3	1	36690017	36770958
THSD4	15	71389291	72075722
THYN1	11	134118173	134123264
TIA1	2	70436576	70475792
TIAL1	10	121334199	121356541
TICAM2	5	114914339	114961876
TIMM23	10	51592080	51623365
TIMM44	19	7991603	8008805
TIMM50	19	39971052	39984422
TIMP3	22	33197687	33259030
TINAGL1	1	32042116	32053288
TJP1	15	29991571	30261068
TJP2	9	71736209	71870124
TKT	3	53258723	53290068
TLE3	15	70340129	70390515
TLN1	9	35696945	35732392
TLN2	15	62682725	63136830
TM9SF3	10	98277866	98347209
TMA16	4	164415594	164441691
TMA7	3	48481667	48485616
TMCC3	12	94960900	95044338
TMCO1	1	165696032	165796992
TMCO3	13	114145310	114204542
TMED1	19	10943114	10946994
TMED10	14	75598173	75643334
TMED2	12	124069078	124083116
TMED7-TICAM2	5	114914339	114961876
TMED9	5	177019159	177023125
TMEM102	17	7338762	7340998
TMEM109	11	60681346	60690915
TMEM131	2	98372799	98612388
TMEM165	4	56262124	56319564
TMEM214	2	27255778	27264563
TMEM33	4	41937137	41962589
TMEM41B	11	9302201	9336327
TMEM43	3	14166440	14185179
TMF1	3	69068978	69101484
TMOD1	9	100263462	100364030
TMOD2	15	52043758	52108565
TMOD3	15	52121825	52239492
TMPO	12	98909290	98944157
TMSB4X	X	12993227	12995346
TMTC3	12	88536073	88593664
TNC	9	117782806	117880536
TNFAIP1	17	26662628	26674035
TNFAIP3	6	138188351	138204449
TNFAIP8L1	19	4639530	4655580
TNFRSF11B	8	119935796	119964439
TNIK	3	170779128	171178197
TNIP1	5	150409506	150473138
TNKS1BP1	11	57067112	57092426
TNPO1	5	72112139	72212560
TNRC6A	16	24741016	24838953
TNRC6B	22	40440821	40731812
TNRC6C	17	76000249	76104916
TNS1	2	218664512	218867718
TNS2	12	53440753	53458156
TNS3	7	47314752	47622156
TOE1	1	45805342	45809647
TOLLIP	11	1295601	1330884
TOM1	22	35695268	35743985
TOM1L2	17	17746828	17875736
TOMM20	1	235272651	235292251
TOMM22	22	39077953	39080818
TOMM34	20	43570771	43589127
TOMM40	19	45393826	45406946
TOMM5	9	37582643	37592639
TOP1	20	39657458	39753127
TOP2A	17	38544768	38574202
TOP2B	3	25639475	25706398
TOP3B	22	22311397	22337213
TOR1AIP1	1	179851177	179894135
TOR4A	9	140172201	140177093
TP53BP1	15	43699407	43802926
TP53BP2	1	223967601	224033674
TPD52L2	20	62496596	62522898
TPI1	12	6976283	6980112
TPM1	15	63334831	63364114
TPM2	9	35681989	35691017
TPM3	1	154127784	154167124
TPM4	19	16177831	16213813
TPP1	11	6634000	6640692
TPP2	13	103249353	103331521
TPT1	13	45911008	45915505
TPX2	20	30327074	30389608
TRA2A	7	23544399	23571660
TRA2B	3	185633694	185655924
TRAF2	9	139776364	139821059
TRAF3	14	103243813	103377837
TRAF7	16	2205699	2228130
TRAM1	8	71485677	71520622
TRAP1	16	3701640	3767598
TRAPPC10	21	45432200	45526433
TRAPPC3	1	36602173	36615098
TRAPPC5	19	7745729	7747744
TRAPPC8	18	29409136	29533099
TRAPPC9	8	140742586	141468678
TRIM11	1	228581374	228594541
TRIM21	11	4406127	4414926
TRIM22	11	5710919	5758319
TRIM25	17	54965270	54991399
TRIM26	6	30152232	30181204
TRIM27	6	28870779	28891766
TRIM28	19	59055458	59062089
TRIM3	11	6469843	6495689
TRIM32	9	119449581	119463579
TRIM33	1	114935399	115053781
TRIM47	17	73870242	73874656
TRIM5	11	5684425	5959849
TRIM56	7	100728720	100735017
TRIM8	10	104404253	104418164
TRIO	5	14143811	14532235
TRIOBP	22	38093011	38172563
TRIP11	14	92432335	92507240
TRIP12	2	230628554	230787955
TRIP13	5	892758	919472
TRIP4	15	64679947	64747502
TRIP6	7	100464760	100471076
TRIR	19	12841454	12845589
TRMT10C	3	101280706	101285290
TRMT112	11	64083932	64085556
TRMT1L	1	185087220	185126204
TRMT2A	22	20099389	20104915
TRPV2	17	16318856	16340317
TRUB2	9	131071382	131085021
TSC1	9	135766735	135820020
TSC2	16	2097466	2138716
TSFM	12	58176372	58201854
TSG101	11	18489883	18548779
TSPO	22	43547520	43559248
TSPYL5	8	98285717	98290176
TSR1	17	2225797	2240801
TSSC4	11	2421718	2425106
TTC28	22	28374004	29075853
TTC30A	2	178477720	178483694
TTC30B	2	178413726	178417742
TTC37	5	94799599	94890711
TTLL5	14	76099968	76421421
TTN	2	179390716	179695529
TUBA1A	12	49578579	49583107
TUBA1B	12	49521565	49525180
TUBA1C	12	49582519	49667114
TUBA3C	13	19747910	19755992
TUBA4A	2	220114433	220142892
TUBA8	22	18593097	18629321
TUBAL3	10	5435061	5446793
TUBB	6	30687978	30693203
TUBB2A	6	3153903	3157760
TUBB2B	6	3224495	3231964
TUBB3	16	89985573	90002500
TUBB4A	19	6494330	6502859
TUBB4B	9	140135665	140138159
TUBB6	18	12307668	12344319
TUBB8	10	92828	120103
TUBG1	17	40761694	40767252
TUBG2	17	40811323	40819024
TUBGCP2	10	135093135	135125841
TUBGCP3	13	113139325	113242481
TUBGCP4	15	43661419	43699293
TUBGCP6	22	50656118	50683421
TUFM	16	28853732	28857729
TUSC3	8	15274724	15624158
TUT4	1	52888947	53018764
TUT7	9	88902648	88969402
TWF1	12	44187526	44200178
TWF2	3	52262626	52273276
TWNK	10	102747124	102754158
TXLNA	1	32645287	32663886
TXN	9	113006091	113018920
TXN2	22	36863083	36878077
TXNDC12	1	52485803	52521843
TXNDC5	6	7881483	8026646
TXNDC9	2	99935445	99957165
TXNL1	18	54264439	54318831
TXNRD1	12	104609557	104744061
TYK2	19	10461209	10491352
U2AF1	21	44513066	44527697
U2AF1L5	21	6484623	6499969
U2AF2	19	56165512	56186081
U2SURP	3	142683339	142779567
UACA	15	70946893	71055932
UBA1	X	47050260	47074527
UBA52	19	18682540	18688360
UBAC2	13	99853028	100038688
UBAP2	9	33921691	34048947
UBAP2L	1	154192655	154243986
UBASH3B	11	122526383	122685181
UBB	17	16284112	16286059
UBC	12	125396150	125401914
UBE2L3	22	21903736	21978323
UBE2L6	11	57319129	57335757
UBE4A	11	118230300	118269926
UBL5	19	9938568	9940791
UBP1	3	33429828	33482863
UBR4	1	19401000	19536770
UBR5	8	103265240	103425069
UBTF	17	42282401	42298994
UBXN1	11	62443970	62446567
UBXN4	2	136499189	136542625
UCHL1	4	41258430	41270472
UCKL1	20	62571186	62587769
UFD1	22	19437433	19466738
UFL1	6	96969471	97003152
UGDH	4	39500375	39529931
UGGT1	2	128848774	128953251
UGGT2	13	96453834	96705736
UGP2	2	64068074	64118696
UHRF1BP1L	12	100422233	100536626
ULK1	12	132379196	132407712
ULK2	17	19674142	19771249
UNC13B	9	35161999	35405335
UNC45A	15	91473410	91497323
UPF1	19	18942747	18979045
UPF2	10	11962021	12085169
UPF3B	X	118967985	118986961
UQCRC1	3	48636435	48648409
UQCRC2	16	21963981	21994981
UQCRFS1P1	22	40271300	40272312
UQCRQ	5	132202252	132203723
URI1	19	30414551	30506611
USO1	4	76649777	76735382
USP10	16	84733584	84813528
USP13	3	179370543	179507189
USP14	18	158383	214629
USP15	12	62654119	62811211
USP16	21	30396950	30426809
USP28	11	113668596	113746292
USP39	2	85829979	85876403
USP4	3	49315264	49378145
USP40	2	234384166	234475428
USP47	11	11862970	11980870
USP5	12	6961292	6975796
USP53	4	120133742	120216672
USP7	16	8985951	9058371
USP9X	X	40944888	41095832
UTP11	1	38474930	38490496
UTP14A	X	129040097	129063737
UTP15	5	72861268	72877794
UTP4	16	69165194	69265033
UTRN	6	144606837	145174170
VAPA	18	9913999	9960018
VAPB	20	56964178	57026157
VARS1	6	31745295	31763730
VASP	19	46009837	46030241
VAT1	17	41166622	41177140
VCAN	5	82767284	82878122
VCL	10	75757872	75879918
VCP	9	35056061	35073246
VDAC1	5	133307606	133340824
VDAC2	10	76969912	76991206
VDAC3	8	42249142	42263415
VIM	10	17270258	17279592
VIRMA	8	95500005	95565746
VKORC1L1	7	65338254	65424550
VPS13A	9	79792269	80036457
VPS13B	8	100025494	100889808
VPS13C	15	62144588	62352672
VPS13D	1	12290124	12572099
VPS16	20	2821349	2847378
VPS18	15	41186628	41196173
VPS28	8	145649000	145653931
VPS29	12	110928902	110939922
VPS33A	12	122714111	122751068
VPS35	16	46690054	46723430
VPS35L	16	19566562	19718115
VPS37A	8	17104080	17159936
VPS39	15	42450899	42500514
VPS41	7	38762563	38971994
VPS4A	16	69345259	69358949
VRK1	14	97263641	97398059
VRK2	2	58134786	58387055
VRK3	19	50479724	50529203
VTI1B	14	68113792	68141548
VWA8	13	42140973	42535256
VWF	12	6058040	6233936
WARS1	14	100800125	100842680
WASF2	1	27730730	27816669
WASH2P	2	114341230	114356614
WASH3P	15	102501016	102516808
WASHC2A	10	51827610	51893269
WASHC2C	10	46222648	46288409
WASHC3	12	102406717	102455902
WASHC4	12	105501102	105562912
WASHC5	8	126036502	126104082
WBP11	12	14939410	14956474
WBP2	17	73841780	73852588
WDCP	2	24252206	24270296
WDFY3	4	85590704	85887544
WDR1	4	10075963	10118573
WDR11	10	122610687	122669036
WDR13	X	48448430	48463581
WDR26	1	224572845	224624735
WDR3	1	118472343	118509165
WDR33	2	128458596	128568761
WDR35	2	20110021	20189892
WDR36	5	110427414	110466200
WDR43	2	29117509	29171088
WDR44	X	117480036	117583924
WDR48	3	39093489	39138155
WDR5	9	137000487	137025093
WDR59	16	74907468	75034071
WDR6	3	49044495	49053386
WDR61	15	78570177	78592136
WDR7	18	54318574	54698828
WDR77	1	111982512	111991998
WDR83	19	12777614	12786646
WIPF1	2	175424300	175547644
WIZ	19	15532319	15560762
WLS	1	68564142	68698803
WNK1	12	861759	1020618
WNT5A	3	55499743	55523973
WNT5B	12	1639057	1756409
WRN	8	30891317	31031285
WRNIP1	6	2765648	2787186
WTAP	6	160146617	160177351
WTIP	19	34971874	34997258
WWC2	4	184020446	184241930
WWC3	X	9983602	10112518
WWP1	8	87354967	87490649
WWP2	16	69796209	69975644
XAB2	19	7684411	7694451
XIAP	X	122993574	123047829
XPO1	2	61704984	61765761
XPO5	6	43490072	43543812
XPOT	12	64798130	64844907
XRCC1	19	44047192	44084625
XRCC5	2	216972187	217071026
XRCC6	22	42017123	42060044
XRN1	3	142025449	142166904
XRN2	20	21283942	21370463
YAP1	11	101981192	102104154
YARS1	1	33240840	33283754
YBX1	1	43148098	43168020
YBX3	12	10851683	10875911
YES1	18	721588	812547
YIPF5	5	143537723	143550278
YKT6	7	44240567	44253893
YLPM1	14	75230069	75322244
YME1L1	10	27399383	27444195
YPEL5	2	30369807	30383399
YTHDC1	4	69176105	69215807
YTHDC2	5	112849380	112930982
YTHDF1	20	61826781	61847586
YTHDF2	1	29063133	29096287
YTHDF3	8	64081112	64125346
YWHAB	20	43514317	43537173
YWHAE	17	1247566	1303672
YWHAG	7	75956116	75988348
YWHAH	22	32340447	32353590
YWHAQ	2	9724101	9771143
YWHAZ	8	101928753	101965616
YY1	14	100704635	100749129
ZBTB1	14	64970430	65000408
ZBTB21	21	43406940	43430496
ZC2HC1A	8	79578282	79632000
ZC3H12A	1	37940153	37949980
ZC3H12C	11	109964087	110042566
ZC3H13	13	46528600	46626894
ZC3H14	14	89029253	89079853
ZC3H15	2	187350883	187374090
ZC3H18	16	88636789	88698374
ZC3H4	19	47567444	47617009
ZC3H7A	16	11844442	11891123
ZC3H7B	22	41697526	41756151
ZC3HAV1	7	138728266	138794465
ZCCHC17	1	31769842	31837783
ZCCHC3	20	277737	280965
ZFHX3	16	72816784	73093597
ZFP36L1	14	69254377	69263190
ZFP36L2	2	43449541	43453748
ZFP91	11	58346584	58388515
ZFR	5	32354456	32444867
ZGPAT	20	62338817	62367494
ZMAT2	5	140078265	140086248
ZMIZ1	10	80828792	81076276
ZMIZ2	7	44788180	44809477
ZMYM4	1	35734568	35887659
ZNF185	X	152082986	152142024
ZNF207	17	30677136	30708905
ZNF22	10	45495923	45500774
ZNF451	6	56951642	57035105
ZNF469	16	88493879	88507165
ZNF521	18	22641890	22932154
ZNF574	19	42572629	42585701
ZNF598	16	2047655	2059824
ZNF609	15	64752941	64978264
ZNF618	9	116638562	116818871
ZNF622	5	16451628	16465901
ZNF638	2	71503691	71662199
ZNF706	8	102190106	102218421
ZNFX1	20	47854483	47894963
ZNRD2	11	65336651	65340075
ZRANB2	1	71528974	71546980
ZW10	11	113603909	113644533
ZYX	7	143078173	143088204
